id,first_name,last_name
52,Paul,Abascal
124,Ramzi,Abed
149,Don,Abernathy
219,Ivan,Abramson
367,Peter (I),Adam
392,Catlin,Adams
455,George,Ade
489,André José,Adler
512,John G.,Adolfi
561,Richard,Afton
621,Alejandro,Agresti
720,Mohsen,Ahmed
729,Hyeon-cheol,Ahn
823,Lutfu,Akat
1116,Grigori,Aleksandrov
1160,Jason (I),Alexander
1247,Osman,Ali
1317,Debbie,Allen
1446,Jaime,Alonso de Linaje
1621,Arsevir,Alyanak
1657,Henrique,Amaral
1674,Rodney,Amateau
1688,Patrice,Ambard
1719,Gianni,Amelio
1745,Jorge,Amezquita
1812,Yves,Amoureux
1932,Thom (I),Andersen
1958,Gilbert M. 'Broncho Billy',Anderson
2099,Valerio,Andrei
2156,Diana,Andringa
2163,Bonnie,Andrukaitis
2326,Franz,Antel
2339,Joseph (II),Anthony
2448,Shinji,Aoyama
2458,Oscar,Apfel
2473,Stephen C.,Apostolof
2502,Sallie,Aprahamian
2624,Roscoe 'Fatty',Arbuckle
2629,Alexandre,Arcady
2643,George,Archainbaud
2776,Nizamettin,Ariç
2859,Vic,Armstrong
2869,Fabián,Arnaud
2871,Étienne,Arnaud
2995,Michael,Arslan
3016,Karen,Arthur
3034,Alberto,Arvelo Mendoza
3052,Carlos,Arévalo
3092,J.M.,Asensio
3124,Arthur,Ashley
3129,Helmut,Ashley
3233,Frédéric,Astruc
3265,Peter,Atencio
3294,Thomas (I),Atkins
3376,Jeffrey (I),Auerbach
3477,Pupi,Avati
3503,Charles (I),Avery
3507,Tex,Avery
3525,Meiert,Avis
3586,Jean,Aymé
3589,Georges,Ayotte
3689,Ramanandam,B.V.
3699,Vijaya,Baapineedu
3742,Oleg,Babitskyj
3778,John,Bacchus
3802,Rhett,Bachner
3839,Clarence G.,Badger
3914,King (I),Baggot
3951,Fax,Bahr
3965,Jo,Baier
4114,Richard Foster,Baker
4117,Roy Ward,Baker
4133,Myriam,Bakir
4144,Ralph,Bakshi
4157,Aleksei,Balabanov
4221,Gian Vittorio,Baldi
4231,Richard,Balducci
4251,Rafael (I),Baledón
4287,Ian (I),Ball
4337,Erik,Balling
4353,Béla,Balogh
4366,Jeff,Balsmeyer
4443,Pål,Bang-Hansen
4499,Leedham,Bantock
4525,Stanislav,Barabas
4562,Norberto,Barba
4595,Joseph,Barbera
4690,Fred,Bargain
4714,Sooraj R.,Barjatya
4726,Clive,Barker
4728,David (I),Barker
4738,Reginald,Barker
4774,Joseph John,Barmettler
4829,Keith,Barnfather
4858,Jean,Baronnet
4944,Henry,Barrial
4972,Arthur (I),Barron
4987,Hélio,Barroso
5109,Charles (I),Barton
5143,Hal,Barwood
5187,Marianne,Basler
5326,Luigi,Batzella
5461,John (I),Baxter
5464,Rick,Baxter
5538,Richard W.,Bean
5582,Jean,Beaudin
5585,William,Beaudine
5597,Gabrielle,Beaumont
5598,Harry,Beaumont
5603,Peter,Beauvais
5656,Walter,Beck
5668,Jacques,Becker
5690,James,Becket
5798,Michael,Behagen
5799,Andrew,Behar
5876,Timur,Bekmambetov
6189,Ross,Bengel
6219,Iván,Benjumea
6220,Andrei,Benkendorf
6222,Artemio,Benki
6258,Geoff (II),Bennett
6422,Vladimir,Berenstein
6423,Bruce,Beresford
6446,Torbjörn (II),Berg
6505,Ole,Berggreen
6627,Joe,Berlinger
6650,Zev,Berman
6692,Jean,Bernard-Derosne
6700,Peter,Bernardos
6709,Edward,Bernds
6728,Frederic,Bernheim D'Acosta
6742,Adam (I),Bernstein
6795,Peter (I),Berry
6822,Arthur,Berthelet
6874,William,Bertram
6890,Wayne,Berwick
6960,Gil,Bettman
6967,Kris,Betz
7014,Nico,Beyer
7050,Haricharan,Bhanja
7129,Indra,Bhose
7155,Giorgio,Bianchi
7181,Robert,Bibal
7231,Fabián,Bielinsky
7257,J.J.,Bigas Luna
7259,Kathryn,Bigelow
7323,Pierre (I),Billon
7331,Bruce (II),Bilson
7363,Maurits,Binger
7399,Lance,Bird
7580,Gregory Allen,Black
7618,J. Stuart,Blackton
7632,Linda,Blagg
7661,Gilles,Blais
7665,Roger,Blais
7801,Alberto Carles,Blat
7855,Marcel,Blistène
7899,Pierre,Blondy
7919,George,Bloomfield
7931,Paul,Blouin
7981,Don,Bluth
7987,John G.,Blystone
7994,Armando,Bo
8008,Joyce,Boaz
8123,Budd,Boetticher
8157,Francis,Boggs
8198,Richard,Bohringer
8213,Michel,Boisrond
8217,Yves,Boisset
8224,Ulla,Boje Rasmussen
8275,Icíar,Bollaín
8303,Guy,Bolte
8450,René,Bonnière
8475,Válter J.,Bonásio
8541,Carlos,Borcosque Jr.
8542,Carlos F.,Borcosque
8559,Bernard,Borderie
8583,Claude,Borenzweig
8637,Ole,Bornedal
8700,Eduard,Bosch
8727,Satyen,Bose
8757,Patrick,Bossard
8765,Patrick,Bosso
8769,Elisabeta,Bostan
8779,Hobart,Bosworth
8867,Jim,Boukis
9050,Antony J.,Bowman
9181,Charles,Brabin
9201,Robert N.,Bradbury
9221,Peter (IV),Bradley
9237,Jordan,Brady
9314,Steve (I),Brand
9544,Félix,Breisach
9586,Herbert,Brenon
9618,Howard,Bretherton
9744,Burt,Brinckerhoff
9894,Henry,Bromell
9932,Van Dyke,Brooke
9958,James L.,Brooks
9993,Eric,Bross
10000,Gunnel,Broström
10092,Harry Joe,Brown
10113,Larry G. (I),Brown
10124,Melville W.,Brown
10161,Tom E.,Brown
10249,Valentina,Brumberg
10250,Zinaida,Brumberg
10303,Willy,Brunner
10325,Giovanni,Brusadori
10355,Bruce,Bryant
10360,Jeff (IV),Bryant
10382,Tatjana,Brzakovic
10494,Harold S.,Bucquet
10527,Kenean,Buel
10550,Erna,Buffie
10594,Veljko,Bulajic
10660,Aleksandr,Buravsky
10684,Shannon,Burgan
10776,Charles,Burnett
10818,Tim (VI),Burns
10846,Geoff,Burrowes
10863,Tim,Burstall
10880,Humphrey,Burton
11011,Robert (I),Butler
11017,Yvan,Butler
11041,Jörg,Buttgereit
11047,Tamás,Buvári
11070,Luis,Buñuel
11250,Christy,Cabanne
11281,John (II),Cabrera
11297,Michael,Cacoyannis
11340,Eliane,Caffé
11388,Bruce,Caines
11618,Ernesto,Camara
11652,James (I),Cameron
11656,Josh,Cameron
11684,Paul,Cammermans
11698,Roy,Campanella II
11718,Caley,Campbell
11720,Colin (IV),Campbell
11733,Ivar,Campbell
11794,Fernando (I),Campos
11841,Alex Monty,Canawati
11903,Robert (I),Cannon
11933,Roger,Cantin
11945,Pablo,Cantos
12025,Frank,Capra
12035,Antonio (I),Capuano
12110,René,Cardona III
12111,René,Cardona Jr.
12114,René,Cardona
12148,Edwin,Carewe
12154,Harry,Carey
12208,Robert (I),Carlisle
12377,Thomas (I),Carr
12576,D.J.,Caruso
12589,Aloisio T. de,Carvalho
12718,Richard L.,Cassell
12772,Franco (I),Castellano
12826,William,Castle
12867,Víctor Manuel,Castro
12915,Catrano,Catrani
12970,Jason,Cavalier
12992,Pierre,Cavassilas
12994,Fred,Cavayé
13017,André,Cayatte
13067,Ralph,Ceder
13114,Bahrudin 'Bato',Cengic
13171,Mark,Cerulli
13185,Pascual,Cervera
13233,Claude,Chabrol
13245,C. Adolpho,Chadler
13331,Everett,Chambers
13418,Otto,Chan
13443,Maninder,Chana
13453,Koyalee,Chanda
13493,Cheh,Chang
13563,Christopher (I),Chapman
13720,Louis,Chaudet
13736,Pascal,Chauveau
13774,Jeremiah S.,Chechik
13779,Braz,Chediak
13826,Edmond,Chen
13876,Ying,Chen
13969,Lionel,Chetwynd
13996,Siu Hung,Cheung
14208,Jirí,Chlumský
14245,Hun,Choi
14247,In-hyeon,Choi
14322,Cynthia,Choucair
14400,T.C.,Christensen
14432,Al,Christie
14539,Peter,Chung
14566,Jaime,Chávarri
14580,Dominic,Cianciolo
14667,Icaro,Cisneros
14679,Liviu,Ciulei
14734,Alfred (I),Clark
14775,Larry (I),Clark
14860,Bob,Claver
14861,Juan Carlos,Claver
14869,William F.,Claxton
14906,Tom,Clegg
14928,Roy (II),Clements
14954,Edward F.,Cline
14974,Robert,Clouse
14980,Henri-Georges,Clouzot
15122,Benoît,Cohen
15131,David (VIII),Cohen
15156,Larry (I),Cohen
15231,Harley,Cokeliss
15250,Martha,Colburn
15307,Charles C.,Coleman
15342,Joaquín,Coll Espona
15345,Richard A.,Colla
15346,Rolando,Colla
15369,Eric (I),Colley
15416,Lewis D.,Collins
15424,Rocky (I),Collins
15438,Peter,Collinson
15488,Mario,Colucci
15532,Lance,Comfort
15554,John,Comparelli
15565,Sophie,Comtet
15583,Richard,Condie
15610,Andy,Conlan
15644,Mike (IV),Connolly
15707,F.H.,Constantino
15738,Francesco,Conversano
15792,Alan (I),Cooke
15840,George A. (I),Cooper
15900,Eleanor,Coppola
15915,Frank,Coraci
16010,David L.,Corley
16014,Roger,Corman
16057,Alfonso,Corona Blake
16094,Jair,Correia
16099,Michael,Corrente
16148,Eduard,Cortés
16149,Fernando,Cortés
16222,Mario (I),Costa
16229,Ricardo (I),Costa
16288,Vittorio,Cottafavi
16388,Glauco,Couto
16389,J. Michael,Couto
16409,Émile,Couzinet
16506,Arthur,Crabtree
16541,Ronnie,Cramer
16555,Frank Hall,Crane
16619,Lol,Creme
16654,Alfredo B.,Crevenna
16696,Giuseppe (II),Cristiano
16702,Dean,Criswell
16712,Stanko,Crnobrnja
16736,Emma-Kate,Croghan
16738,Hugh,Croise
16775,Alan (I),Crosland
16798,Andrew,Crossan
16884,James,Cruze
16890,Dominique,Crèvecoeur
16948,Michael,Cuesta
16958,Robert,Cuffley
16967,George,Cukor
16989,Webster,Cullison
17017,Irving,Cummings
17026,Samuel,Cummins
17086,Giandomenico,Curi
17103,Peter,Curran
17122,Richard,Curson Smith
17128,Allen,Curtis
17225,Margit,Czenki
17241,Frantisek,Cáp
17544,Zale,Dalen
17653,Mel,Damski
17734,Jean-Daniel,Daninos
17766,Fernand,Dansereau
17776,Joe (I),Dante
17830,Attila,Dargay
17910,Narayana Rao,Dasari
17958,John,Daumery
18042,Boaz,Davidson
18077,Howard (I),Davies
18110,Arthur (I),Davis
18139,Desmond (I),Davis
18234,Tito,Davison
18313,Bruno,de Almeida
18336,Emile,de Antonio
18355,Luiz,de Barros
18454,Frank,De Felitta
18473,Fernando (I),de Fuentes
18491,Joseph,De Grasse
18508,Rolf,de Heer
18549,Julián,de la Flor
18554,José Antonio,de la Loma
18582,Robert,De Lacey
18673,William C.,de Mille
18675,Armando,de Miranda
18724,Brian,De Palma
18755,Koen,De Poorter
18818,Jean,de Segonzac
18911,Liesbeth,De Wit
19019,Bruce,Deck
19031,Henri,Decoin
19074,Francisco,Defilippis Novoa
19135,Gene,Deitch
19167,Ubaldo Maria,Del Colle
19202,Roy,Del Ruth
19217,Francisco,del Villar
19256,Pete,DeLasho
19300,Miguel M. (I),Delgado
19404,Joe,DeMaio
19440,Tulio,Demicheli
19443,Cecil B.,DeMille
19455,Ted,Demme
19526,Martin,Denning
19569,Sunny (I),Deol
19581,Hans,Deppe
19603,Miljenko,Dereta
19713,Henri,Desfontaines
19746,Nedeljko,Despotovic
19792,Peter (II),Deutsch
19841,Rocco,Devilliers
19844,David,Devine
19845,Dennis,Devine
19857,Barry,Devlin
19858,Bernard,Devlin
19880,Ajit,Dewani
20081,Marilou,Diaz-Abaya
20112,Ernest R.,Dickerson
20153,Samuel,Diege
20184,Joe,Dietl
20271,Dinos,Dimopoulos
20356,Andreas,Dirr
20407,Ivan,Dixon
20515,Igor,Dobrolyubov
20553,Süha,Dogan
20595,Siko,Dolidze
20610,Pacheco,Domacasse
20708,Vincent J.,Donehue
20752,Clive,Donner
20832,Alon,Dori
20966,Gordon,Douglas
20988,James (I),Douglass
21019,Mikael,Dovlatyan
21025,Sergio,Dow
21042,William C.,Dowlan
21075,B.E.,Doxat-Pratt
21162,Ljubomir,Draskic
21178,Sammy,Drechsel
21215,Sidney,Drew
21325,Jean,Dréville
21350,Anselmo,Duarte
21395,Adam,Dubov
21547,Gregory (II),Duke
21619,William (I),Duncan
21638,Richard,Dunlap
21639,Scott R.,Dunlap
21656,Kevin (III),Dunn
21662,Philip,Dunne
21733,Marguerite,Duras
21780,Süreyya,Duru
21786,Carlos,Durán A.
21788,Fernando (I),Durán Rojas
21820,Félicie,Dutertre
21888,Allan,Dwan
21984,José,Díaz Morales
21989,Daniel,Díaz Torres
22042,Atef,E-Taieb
22072,William P.S.,Earle
22152,Antonio,Eceiza
22275,Harry (I),Edwards
22276,Henry (I),Edwards
22294,Pierre,Edwards
22309,Walter,Edwards
22328,Omiros,Efstratiadis
22444,Oddvar,Einarson
22472,Sergei M.,Eisenstein
22516,Hasse,Ekman
22567,Volker,Elas
22609,Douglas,Elford-Argent
22634,Larry,Elikann
22737,Robert (I),Ellis
22753,Stéphane,Elmadjian
22802,Maurice,Elvey
22817,Lluís,Elías
22857,Roland,Emmerich
22862,E.W.,Emo
22904,Dayyan,Eng
22908,Christer,Engberg
22913,Carl,Engdahl
22976,John (I),English
23011,Ray,Enright
23069,Rob,Epstein
23107,Nuri,Ergün
23164,John,Erman
23186,Rosario,Errico
23194,Chester,Erskine
23203,Muhsin,Ertugrul
23304,Marcelo,Espínola
23348,Constantino,Esteves
23357,Luis,Estrada
23459,Nigel (I),Evans
23504,Semih,Evin
23525,Irad,Eyal
23530,Chris,Eyre
23645,Peter,Faiman
23654,Jerry (I),Fairbanks
23763,Roberto,Fandiño
23790,Pier Luigi,Faraldo
23805,Philip,Farha
23808,Miguel,Faria Jr.
23820,Reginaldo,Farias
23903,Bobby,Farrelly
23904,Peter,Farrelly
23912,John (I),Farrow
23917,Sepideh,Farsi
23984,Hampe,Faustman
24007,Hugh,Fay
24026,Don,Featherstone
24107,Felix E.,Feist
24118,Muharrem,Fejzo
24159,Ben,Feleo
24168,Jorge,Feliú
24240,George,Fenyon
24265,Graeme,Ferguson
24297,Ary,Fernandes
24406,Ramón (I),Fernández
24432,Giuseppe,Ferrara
24474,António (I),Ferreira
24521,Robert A.,Ferretti
24561,Pasquale,Festa Campanile
24576,Louis,Feuillade
24636,Romaine,Fielding
24867,Behnam,Firusmand
24988,Dallas M.,Fitzgerald
25001,Peter (I),Fitzgerald
25012,George,Fitzmaurice
25082,John,Flansburgh
25116,Dave,Fleischer
25148,Walter,Flemmer
25229,Robert,Florey
25290,Stephen Patrick,Foery
25350,Timothy Wayne,Folsome
25377,Angelino,Fons
25391,José María,Font
25451,Aleksander,Ford
25453,Charles E.,Ford
25458,Francis,Ford
25462,Hugh,Ford
25466,John (I),Ford
25489,Carl,Foreman
25517,Michael,Forlong
25572,Bill (I),Forsyth
25639,Giles,Foster
25654,Lewis R.,Foster
25659,Norman (I),Foster
25713,Ronan,Fournier-Christol
25717,Gene,Fowler Jr.
25721,Geneva,Fowler
25762,Stu (II),Fox
25764,Wallace,Fox
25897,Ricardo (I),Franco
25916,Georges,Franju
25942,Melvin,Frank
25979,David N.J.,Franklin
26028,Harry L.,Fraser
26043,James,Frawley
26068,Riccardo,Freda
26124,Marilyn (II),Freeman
26135,Warwick,Freeman
26173,Friz,Freleng
26180,Harold,French
26244,Ilya,Frez
26306,Jeffrey (I),Friedman
26390,Friðrik Þór,Friðriksson
26475,Chaowu,Fu
26535,Toshiya,Fujita
26573,John,Fukushima
26673,Kazuhiro,Furuhashi
26674,Yasuo,Furuhata
26843,Stephen,Gaghan
26901,Miodrag (II),Gajic
26917,Yoram,Gal
26965,Eduard,Galic
26982,Rubén,Galindo
26995,Peque,Gallaga
27003,John A.,Gallagher
27040,Fred,Gallo
27054,Carmine,Gallone
27070,Chad,Galster
27088,Rafael (I),Galán
27112,Yefim,Gamburg
27146,Mogens,Gander
27150,Mohan,Gandhi
27169,Maria Joao,Ganga
27239,Gianna Maria,Garbelli
27354,Gonzalo,García Pelayo
27429,Claudia,Garde
27497,Erast,Garin
27540,Philippe,Garrel
27562,Martín,Garrido
27578,Sergio,Garrone
27617,Roberto,Garzelli
27629,Louis J. (I),Gasnier
27716,Patrice,Gaulupeau
27922,Clarence,Geldart
27951,Klaus,Gendries
28071,Craig,Gerber
28129,Douglas,Gerrard
28132,Peter,Gerretsen
28182,Steve (I),Gethers
28200,Lisa,Gewerth
28204,Raúl,Geynal
28260,Riccardo,Ghione
28286,Partho,Ghosh
28353,Duncan,Gibbins
28379,Brian (I),Gibson
28384,Hoot,Gibson
28466,Carlos,Gil Ferrer
28481,Rafael,Gil
28507,Lewis (II),Gilbert
28519,William,Gilbert
28542,Vlatko,Gilic
28565,Stuart,Gillard
28584,Sidney,Gilliat
28599,Michael,Gillis
28642,Ernesto,Giménez Caballero
28652,Dan,Ginavan
28716,Jacques,Giraldeau
28748,Francis,Girod
28804,Viktor,Gjika
28851,Barry (II),Glasser
28943,Dennis,Glore
28972,Wolfgang,Glück
29002,Jean-Luc,Godard
29013,Jim (I),Goddard
29020,Peter (I),Godfrey
29109,Menahem,Golan
29175,Julian (I),Goldberger
29180,Roger,Goldby
29184,John (II),Golden
29185,Joseph A.,Golden
29218,Yuri,Goldin
29227,Dan (III),Goldman
29251,Rudi,Goldman
29274,Sidney,Goldsmith
29310,Tony,Goldwyn
29458,Mercedes,González del Solar
29615,Nicholas,Goossen
29711,Tom (I),Gordon
29770,Marleen,Gorris
29772,Tamara,Gorski
29805,Bob,Gosse
29844,Max,Gottlieb
29888,Alfred J.,Goulding
29889,Edmund,Goulding
29914,Alberto,Gout
29977,Ángel,Gracia
30175,Richard,Grassick
30228,John (I),Gray
30268,William (I),Greaves
30312,Eitan,Green
30317,Guy,Green
30378,David (I),Greene
30431,William,Grefe
30511,Zlatko,Grgic
30539,Andrew,Grieve
30550,Frank (I),Griffin
30570,D.W.,Griffith
30596,Nene,Grignaffini
30633,Giovanni (I),Grimaldi
30648,Hans,Grimm
30651,Thomas,Grimm
30693,Rajko,Grlic
30873,Ivanka,Grybcheva
30893,Jean,Grémillon
31043,Romolo,Guerrieri
31058,Val,Guest
31120,Laurice,Guillen
31129,Jacques,Guillon
31165,Sacha,Guitry
31275,Ilya,Gurin
31285,Alfredo (I),Gurrola
31373,Paul,Gutrecht
31384,Alice,Guy
31519,Manuel,Gómez Pereira
31560,Ertem,Göreç
31563,Christian,Görlitz
31570,Siggi,Götz
31580,Aram,Gülyüz
31683,Taylor,Hackford
31743,Jeremy,Haft
31801,Larry,Hagman
31814,Manny Nathan,Hahn
31897,Don,Haldane
31947,Alexander (I),Hall
31992,Robert (X),Hall
32086,Jens,Hamann
32106,Peter,Hamel
32128,Hamish (I),Hamilton
32170,Jan,Hammenecker
32217,Dezsö Ákos,Hamza
32246,David,Hand
32287,Susumu,Hani
32318,William (I),Hanna
32322,Jack (I),Hannah
32339,Marcel,Hanoun
32342,Howell,Hansel
32414,Dusan,Hanák
32426,Takahito,Hara
32455,Carl,Harbaugh
32525,Ellin,Hare
32695,Lionel,Harris
32739,George (I),Harrison
32798,Harvey,Hart
32802,Jayasri,Hart
32815,David,Hartford
32830,Karl,Hartl
32913,Herk,Harvey
33021,Günther,Hassert
33053,Henry,Hathaway
33096,Reinhard,Hauff
33099,Ian T.,Haufrect
33115,Joachim,Haupt
33184,Howard,Hawks
33212,Artashes,Hay-Artyan
33244,Sidney,Hayers
33316,Annette,Haywood-Carter
33384,Dave,Heather
33457,Gavin,Heffernan
33466,Thomas N.,Heffron
33473,Jennifer,Heftler
33482,Chris,Hegedus
33514,Heikki,Heikinheimo
33598,Jörg,Helbling
33672,Veit,Helmer
33703,Alexander,Hemming
33713,Joseph,Henabery
33731,Dell,Henderson
33736,Lucius,Henderson
33768,Frank,Henenlotter
33784,Clarence,Hennecke
33794,Amy,Hennig
33812,Paul,Henreid
33819,Finn,Henriksen
33873,Jim (I),Henson
33884,In-mu,Heo
33887,Alp Zeki,Heper
33891,Cecil M.,Hepworth
34010,José María,Hernández Sanjuán
34011,Manuel,Hernández Sanjuán
34089,Rowdy,Herrington
34150,Sig,Herzig
34181,Jon,Hess
34202,Fraser Clarke,Heston
34245,Peter,Hewitt
34246,Rod (II),Hewitt
34250,Russ,Hexter
34271,Laurent,Heynemann
34292,George,Hickenlooper
34306,Howard C.,Hickman
34380,Nazim,Hikmet
34397,Hans-Joachim,Hildebrandt
34419,George Roy,Hill
34455,Robert F.,Hill
34459,Sinclair,Hill
34507,Lambert,Hillyer
34572,Christopher,Hinton
34632,Ray,Hirschman
34655,Leslie S.,Hiscott
34675,Jack,Hively
34735,Richard,Hobert
34739,Gregory,Hoblit
34761,Marijan,Hodak
34777,Mike (I),Hodges
34795,Co,Hoedeman
34827,Ernst,Hofbauer
34836,Michael,Hoffman Jr.
34855,Michael (I),Hoffman
34875,Kurt,Hoffmann
34898,Gerold,Hofmann
34918,James P. (I),Hogan
34939,Horant H.,Hohlfeld
34953,Jay,Holben
34960,Rod,Holcomb
35106,Per (I),Holst
35226,Harry,Hook
35242,Tobe,Hooper
35286,E. Mason,Hopper
35363,Ben,Horowitz
35395,Peter (I),Horton
35406,Louis J.,Horvitz
35462,Arthur,Hotaling
35501,Rosemary,House
35505,Jacques,Houssin
35547,David (I),Howard
35658,V.V. Dachin,Hsu
35740,Faith,Hubley
35801,Ralf,Huettner
35811,John,Hugh
35883,Michael,Hui
36002,Jay (I),Hunt
36021,A.C.,Hunter
36028,Harry C.,Hunter
36087,Michael (I),Hurst
36100,Sam,Hurwitz
36147,John (I),Huston
36162,Charles (I),Hutchison
36202,Andreas,Hvidt
36331,Achim,Hübner
36333,Wolfgang,Hübner
36352,Tony,Ianzelo
36377,Esat,Ibro
36382,Juan (I),Ibáñez
36393,Kon,Ichikawa
36465,Arvo,Iho
36507,Ansa,Ikonen
36514,Rico Maria,Ilarde
36564,Kwon-taek,Im
36591,Markus,Imboden
36606,Türker,Inanoglu
36615,Thomas H.,Ince
36655,Lloyd (I),Ingraham
36660,Rex (II),Ingram
36693,Isshin,Inudou
36768,Michael,Irpino
36817,Robert,Iscove
36932,Juzo,Itami
36958,Eberhard,Itzenplitz
36962,Daisuke,Itô
36975,Branko,Ivanda
37014,Joris,Ivens
37056,Ub,Iwerks
37105,Jacques,Jaccard
37168,Mick,Jackson
37256,Johan,Jacobsen
37415,Alan (I),James
37463,Steve (II),James
37486,Andrea,Janakas
37500,Miroslav,Janek
37510,Hyeon-su,Jang
37512,Il-ho,Jang
37569,Victor,Janson
37631,Clark,Jarrett
37663,Will,Jason
37784,András,Jeles
37785,Milan,Jelic
37867,Torben Skjødt,Jensen
37879,Woo-yeol,Jeon
37881,Chang-hwa,Jeong
37892,So-yeong (I),Jeong
38028,Antulio,Jiménez Pons
38050,Yin,Jin
38075,Keung-ha,Jo
38078,Myeong-hwa,Jo
38085,Phil,Joanou
38217,Eric (VI),Johnson
38242,Jesse E.,Johnson
38275,Nunnally,Johnson
38287,Ron (VII),Johnson
38310,Tom (IV),Johnson
38326,Christian (II),Johnston
38368,Simon,Jollands
38415,Chuck (I),Jones
38447,Harmon,Jones
38544,John,Jopson
38557,Glenn (I),Jordan
38567,Lawrence (II),Jordan
38592,Manoel,Jorge
38634,Alfredo,Joskowicz
38695,Soja,Jovanovic
38746,Mike (I),Judge
38756,Rudolf,Jugert
38774,Rupert,Julian
38809,Kurt,Junek
38811,Cho Sin,Jung
38847,Nathan,Juran
38886,Claude,Jutra
38920,Sidney,Jézéquel
38992,Roman (I),Kachanov
38999,Karel,Kachyna
39015,Matthew,Kadish
39070,Nathaniel,Kahn
39074,Richard C.,Kahn
39160,Toni,Kalem
39164,Kamen,Kalev
39372,Joseph,Kane
39392,Shusuke,Kaneko
39406,Dae-jin,Kang
39693,Phil,Karlson
39742,Abdulla,Karsakbayev
39790,Karl,Kases
39801,Ajay,Kashyap
39825,Christoph,Kasperkovitz
39845,Jeremy,Kasten
40031,Vladimír,Kavciak
40122,Gennadi,Kayumov
40195,Vernon,Keays
40266,Léonard,Keigel
40315,Márton,Keleti
40325,Brad,Keller
40329,Frederick King,Keller
40365,W.P.,Kellino
40398,Justin (II),Kelly
40418,Richard (II),Kelly
40433,Fred,Kelsey
40566,Erle C.,Kenton
40574,Faruk,Kenç
40613,James V.,Kern
40636,Sidonie,Kerr
40753,Rustam,Khamdamov
40943,Edith,Kiel
40956,Jennifer,Kierans
40978,Janusz,Kijowski
41051,Hyo-cheon,Kim
41054,In Soo,Kim
41062,Jeong-jin,Kim
41082,Ki (I),Kim
41083,Ki-duk (I),Kim
41090,Kyeong-hyeong,Kim
41096,Muk,Kim
41097,Mun-ok,Kim
41118,Sung-Hong,Kim
41135,Yeong-hyo,Kim
41142,Yu-min,Kim
41224,Henry (I),King
41227,Jack (I),King
41235,John C.,King
41299,Richard (I),Kinon
41301,Keisuke,Kinoshita
41380,Tim,Kirkman
41455,Ryuhei,Kitamura
41595,Jesper,Klein
41608,Nicolas,Klein
41686,Vanca,Kljakovic
41693,Clemens,Klopfenstein
41781,Derek,Knight
41815,Harley,Knoles
41832,Bernard,Knowles
41864,Roy,Knyrim
41881,Young Nam,Ko
41883,Mikheil,Kobakhidze
41919,Howard W.,Koch
41940,Mark,Kochinski
41962,Jan,Koecher
42047,Takashi (I),Koizumi
42070,Ere,Kokkonen
42133,Sergei,Kolosov
42200,Janusz,Kondratiuk
42249,Sirkka-Liisa,Konttinen
42330,Todd,Korgan
42342,Baltasar,Kormákur
42403,Nadezhda,Kosheverova
42430,Henry,Koster
42454,Shusei,Kotani
42648,Andrzej,Krakowski
42669,Lloyd,Kramer
42833,Josef,Kricenský
42896,Vijaya,Krishnan
42908,Mikael,Kristersson
43021,Jakob,Kryger
43101,Joseph D.,Kucan
43105,George,Kuchar
43106,Mike,Kuchar
43149,Javier,Kuhn
43309,Roger,Kumble
43353,Lincoln,Kupchak
43375,Peter,Kuran
43418,Kiyoshi,Kurosawa
43451,Rudi,Kurz
43517,Yuri,Kuzmenko
43588,Christos,Kyriakopoulos
43602,Zoltán,Kálmánczhelyi
43653,Sándor,Köõ
43664,Harry,Kümel
43682,Paul (I),La Blanc
43694,Jean-Claude,La Marre
43791,Edward,Lachman
43849,Aldo,Lado
43922,Ron,Lagomarsino
43933,Abdelkader,Lagtaa
43985,Aarne,Laine
44091,Carl,Lamac
44168,Ihab,Lamey
44175,Frank,Lammers
44182,Charles,Lamont
44214,Georges,Lampin
44222,Mary,Lampson
44273,Lew,Landers
44304,Paul,Landres
44356,Sidney,Lanfield
44381,Walter (I),Lang
44534,Robert,Lapoujade
44541,Anastasia,Lapsui
44560,Yam,Laranas
44564,Jean-Pierre,Larcher
44567,Brian,Large
44647,Glen A.,Larson
44797,Ricky,Lau
44839,Frank,Launder
44852,Glauco Mirko,Laurelli
44862,Mariano,Laurenti
44880,Lau (I),Lauritzen
44908,Danny,Lavagna
45008,Diarmuid,Lawrence
45024,Ken (II),Lawrence
45077,Pedro (I),Lazaga
45225,Luis,Leal Soto
45259,Nikolai (IV),Lebedev
45282,Raymond,Leboursier
45353,Paul,Leder
45362,D. Ross,Lederman
45391,J.,Lee Thompson
45469,Hyeong-pyo,Lee
45526,Koon Cheung,Lee
45611,Won-se,Lee
45619,Yu-seob,Lee
45684,Stuart,Legg
45737,Markku,Lehmuskallio
45750,Henry,Lehrman
45752,Kai,Lehtinen
45793,Michael W.,Leighton
45875,George (II),LeMaire
45900,Klaus,Lemke
45966,John,Lennon
46004,Umberto,Lenzi
46028,Robert Z.,Leonard
46145,Mervyn,LeRoy
46155,Edward,LeSaint
46229,François,Leterrier
46232,Jørgen,Leth
46236,Roland,Lethem
46310,Joseph,Levering
46396,Abe,Levitow
46403,Kristian,Levring
46462,Scott,Lew
46473,Albert (I),Lewin
46490,Beverly (II),Lewis
46533,Marianne,Lewis
46548,Robert Michael (I),Lewis
46564,Yvonne,Lex
46578,Nikolaus,Leytner
46668,Peter,Liapis
46676,Ugo,Liberatore
46705,Nic.,Lichtenberg
46749,Wolfgang,Liebeneiner
46997,Max (I),Linder
47042,Michael,Lindsay-Hogg
47086,Andreas,Linke
47188,Oldrich,Lipský
47232,Peter Mackenzie,Litten
47254,Anatole,Litvak
47287,Qiong,Liu
47295,Xin (II),Liu
47330,Anna,Lizaran
47337,Hervé,Lièvre
47353,Ferrán,Llagostera
47388,Harold,Lloyd
47437,Ken,Loach
47584,Khesya,Lokshina
47617,Ulli,Lommel
47697,Claus (II),Loof
47761,Rodolfo,Lopezreal
47771,Del,Lord
47798,Svend Aage,Lorentz
47825,Ken,Loring
47846,Joseph,Losey
47989,Richard,Lowenstein
48030,Carlos,Lozano Dana
48038,Raul,Lozano
48087,Ernst,Lubitsch
48142,Daniele,Luchetti
48186,Edward,Ludwig
48204,Mario C.,Lugones
48233,Tatyana,Lukashevich
48248,Leonid,Lukov
48262,Sidney,Lumet
48267,Louis,Lumière
48298,Sune,Lund-Sørensen
48325,Dick,Lundy
48367,Michele,Lupo
48461,Marc,Lybaert
48497,Paul (I),Lynch
48516,Henry,Lynn
48540,Eddie,Lyons
48548,Robert F.,Lyons
48561,Helle,Lyster
48569,L. Rogers,Lytton
48584,Roberto,Lázaro
48638,Enrique,López Eguiluz
48717,Aziz,M. Osman
48735,Joe,Ma
48764,Adrian,Maben
48844,Sherwood,MacDonald
48865,Hamilton,MacFadden
48881,Norval,MacGregor
48895,Paulo (III),Machado
48973,Will (I),Mackenzie
48979,John,Mackin
48985,Arthur,Mackley
49004,Archer,MacMackin
49022,Ian,MacNeill
49027,Michael,Macowan
49031,Murdock,MacQuarrie
49115,Cleo,Madison
49155,Tetsu,Maeda
49159,Masato,Maegawa
49181,Miguel,Magallanes
49322,Barry,Mahon
49336,Matt,Mahurin
49340,Eric,Mahé
49362,Charles,Maigne
49368,Norman,Mailer
49491,Mukadas,Makhmudov
49498,Masahiro,Makino
49545,Jacques,Malaterre
49588,Alfredo,Malfatti
49620,Robert,Malina
49648,David,Mallet
49810,Robert (I),Mandel
49824,Melanie,Mandl
49829,Luis,Mandoki
49841,Dorothy,Mane
49911,Mahesh,Manjrekar
49916,Francis,Mankiewicz
49917,Joseph L.,Mankiewicz
49933,Anthony (I),Mann
49938,Edward (I),Mann
50195,Michael,Marco
50242,Philip (I),Marcus
50248,Wojciech,Marczewski
50318,Benoît,Mariage
50398,Sergio,Mariscal
50419,Yorgos,Markakis
50451,Fletcher,Markle
50465,Goran,Markovic
50476,Robert,Markowitz
50543,Richard,Marquand
50558,Artemio,Marquez
50603,D. Kelly,Marsalis
50645,Fred (II),Marshall
50647,George (I),Marshall
50694,Lawrence,Marston
50695,Theodore,Marston
50727,Félix,Martialay
50761,Francis (III),Martin
50806,Murray,Martin
50921,Sergio,Martino
50966,Leonid,Martynyuk
51029,Gilberto,Martínez Solares
51146,Jean,Mascolo
51153,Rashid,Masharawi
51264,Deborah (II),Masters
51282,Armand,Mastroianni
51295,Yasuzo,Masumura
51301,Pedro,Masó
51323,Václav,Matejka
51378,Bindu,Mathur
51413,Shuei,Matsubayashi
51430,Hiroki,Matsukata
51521,Mario,Mattoli
51530,Arne,Mattsson
51549,Jason,Matzner
51598,Laurent Germain,Maury
51700,Les,Mayfield
51738,Albert,Maysles
51739,David,Maysles
51765,Paul,Mazursky
51905,John P. (II),McCarthy
51923,Paul,McCartney
51924,Henry (I),McCarty
51945,Mick,McCleery
51995,John (VI),McCormack
52038,Kenneth,McCready
52120,Stuart (IV),McDonald
52164,Douglas,McFerran
52166,Brad,McGann
52206,Hugh,McGorry
52209,J.P.,McGowan
52215,Robert F.,McGowan
52318,Dave (I),McKean
52333,Brian (I),McKenna
52366,Edwin,McKim
52383,Ray,McKinnon
52393,Andrew V.,McLaglen
52435,Tom,McLoughlin
52480,Sean (I),McNamara
52481,Tom (I),McNamara
52651,Aleksandr,Medvedkin
52659,James Leo,Meehan
52700,Hari,Mehra
52766,Gus,Meins
52772,Lucila,Meirelles
52827,George,Melford
52916,James A.,Menard
53076,Óscar,Menéndez
53095,Antonio,Mercero
53178,James,Merry
53201,Gaston,Mervale
53299,Helmut,Metzger
53323,Simon M.,Meusburger
53341,Irwin,Meyer
53410,Theo,Mezger
53515,Rune,Michelsen
53565,Donny,Miele
53630,Margarita,Mikaelyan
53650,Nikita,Mikhalkov
53668,Bence,Miklauzic
53721,Lewis,Milestone
53769,Harry F.,Millarde
53789,Charles (I),Miller
53885,Rube,Miller
53886,Sam (I),Miller
53915,Carol,Millican
53928,Sherry,Millner
54019,Steve,Mims
54050,Ben,Mindenburg
54061,Steve,Miner
54138,Oktai,Mir-Kasimov
54140,Carles,Mira
54143,Drexel,Mirabel
54151,José,Miranda Cruz
54188,Igor,Mirkovic
54189,Ivan,Mirkovic
54269,Jorge,Mistral
54270,Miki,Mistrati
54271,Babubhai,Mistri
54273,Fali,Mistry
54320,Mike (VI),Mitchell
54364,Shibu,Mitra
54376,Dragan,Mitrovic
54415,Tom,Mix
54443,Moshé,Mizrahi
54456,Anne-Marie,Miéville
54487,Giuseppe,Moccia
54490,Tomomichi,Mochizuki
54508,Ramesh,Modi
54656,Gustaf,Molander
54719,Rauni,Mollberg
54766,Dave (III),Monahan
54774,Georges,Monca
54790,Roel,Mondelaers
54825,Rob,Mongrel
54830,Mario,Monicelli
54848,Noel,Monkman
54888,Shaun (IV),Monson
54927,Preben,Montel
54963,Frank,Montgomery
55055,Eugene (I),Moore
55114,Vin,Moore
55200,Lee (I),Moran
55224,Miguel,Morayta
55234,Joseph,Morder
55301,Eduardo,Morera
55309,Nanni,Moretti
55415,Azuma,Morisaki
55424,Yoshimitsu,Morita
55441,Catherine,Morlat
55466,Yuri,Moroz
55476,Kevin,Morra
55478,Paul,Morra
55513,Reginald H.,Morris
55561,Paul (I),Morrissey
55761,Yon,Motskin
55790,Luc,Moullet
55807,Caroline,Mouris
55808,Frank,Mouris
55849,Larry (I),Moyer
55866,Sava,Mrmak
55961,Hrishikesh,Mukherjee
56008,Heinz (I),Muller
56052,Yeo-song,Mun
56136,Masahiro,Muramatsu
56230,Ralph,Murphy
56333,Esat,Musliu
56388,Yuri,Muzykant
56418,Ntare,Mwine
56451,Alan,Myerson
56472,Mark,Mylod
56529,Gaston,Méliès
56530,Georges,Méliès
56540,Fernando (I),Méndez
56573,Signe,Mølgaard
56593,Wolfgang,Mühlbauer
56876,Hiroyuki,Nakano
56881,Tetsuya,Nakashima
56914,Ki-nam,Nam
56935,Rama Rao Taraka,Nandamuri
57024,Mikio,Naruse
57074,Ali,Nasser
57084,Hiroyuki,Nasu
57091,Yuval,Natan
57230,Yehuda,Ne'eman
57323,Jean,Negulesco
57330,Bruce,Neibaur
57336,Marshall,Neilan
57366,Martijn van,Nellestijn
57369,Alice,Nellis
57386,Gary (I),Nelson
57392,Jack (I),Nelson
57393,Jamil,Nelson
57409,Sam (I),Nelson
57414,Timothy J.,Nelson
57427,Jan,Nemec
57599,Sam (I),Newfield
57604,John,Newland
57605,Marv,Newland
57632,Fred C.,Newmeyer
57638,Ted,Newsom
57640,David John,Newton
57671,Wui,Ng
57701,Minh,Nguyen-Vo
57745,George (I),Nichols
57749,Mike (I),Nichols
57843,Erik (II),Nielsen
57875,Petra Käthe,Niemeyer
57882,George T.,Nierenberg
57903,José Antonio,Nieves Conde
57940,Petr,Nikolaev
58044,Shogoro,Nishimura
58049,Akira,Nishitani
58067,Brian (II),Nissen
58073,Riki Shelach,Nissimoff
58147,Ron (II),Noble
58161,Yukio,Noda
58170,Victor,Noerdlinger
58209,Sergei,Nolbandov
58254,Randi,Nordby
58303,Jurandyr Passos,Noronha
58359,Noel,Nosseck
58373,Thierry,Notz
58374,Jehane,Noujaim
58437,Ivo (I),Novák
58476,Gaspar,Noé
58542,Raphael,Nussbaum
58568,Roger,Nygard
58588,Kálmán,Nádasdy
58631,Santos,Núñez
58651,Dave (I),O'Brien
58663,John B.,O'Brien
58706,Frank (I),O'Connor
58755,Alice,O'Fredericks
58773,Mario,O'Hara
58872,Anthony,O'Sullivan
58920,Michael,Oblowitz
58924,Arch,Oboler
59070,Zrinko,Ogresta
59135,Rajshree,Ojha
59346,Vít,Olmer
59351,Christina,Olofson
59356,Steve W.,Olppin
59374,Jack (IV),Olsen
59395,Josh,Olson
59445,Rod,On Jr.
59497,Marcel,Ophüls
59505,Jeff,Oppenheim
59507,Evan,Oppenheimer
59551,Juan de,Orduña
59622,Ron,Ormond
59821,Ric,Ostrower
59923,Idrissa,Ouedraogo
59929,Alexander,Oumansky
60061,Georg Wilhelm,Pabst
60152,Lisa (I),Page
60169,Marcel,Pagnol
60232,Ismael,Palacio
60268,Amleto,Palermi
60389,György,Palásthy
60409,Norman,Panama
60446,Him,Pang
60475,Aleksandr,Pankratov
60511,Hsueh Li,Pao
60514,Domenico,Paolella
60517,Deno,Paoli
60525,Giovanni (II),Paolucci
60650,Joaquín,Pardavé
60689,Domonic,Paris
60731,Jae-ho (I),Park
60736,Jong-ho (I),Park
60743,Kyung-hee,Park
60806,Oliver (I),Parker
60882,Robert,Parrish
60885,James,Parrott
60906,Nikki,Parsons
60990,Goran,Paskaljevic
61013,Jerzy,Passendorfer
61040,Julián,Pastor
61045,Sergio,Pastore
61267,Paul,Paviot
61289,Aleksandr,Pavlovsky
61318,Adam,Payne
61333,Tom (I),Payne
61368,Leslie,Pearce
61392,Peter (I),Pearson
61397,David,Peat
61541,Matthew J.,Pellowski
61561,Scott,Pembroke
61639,Richard,Pepin
61669,Conal,Percy
61679,Ramón,Pereda
61692,Gilvan,Pereira
61702,Vincent,Pereira
61844,Léonce,Perret
62078,Russ,Petranto
62163,William,Pettigrew
62209,Raúl (I),Peña
62317,Jason (III),Phillips
62413,Irving,Pichel
62494,Piero,Pierotti
62519,Guido,Pieters
62620,William H.,Pine
62754,Gérard,Pirès
63054,Didier,Poiraud
63055,Thierry,Poiraud
63063,Manuel,Poirier
63079,Jacques,Poitrenaud
63081,Bretislav,Pojar
63161,Sabine,Pollmeier
63238,Jean-Pierre,Ponnelle
63250,Alber,Ponte
63289,Tom (I),Poole
63306,Angela,Pope
63394,Friedrich,Porges
63429,Edwin S.,Porter
63451,Rafael,Portillo
63553,Dennis,Potter
63554,H.C.,Potter
63564,Richard,Pottier
63576,Hugues,Poulain
63625,Frank,Powell
63715,T.,Prakash Rao
63736,B.V.,Prasad
63763,Gilbert,Pratt
63837,Michael,Pressman
63876,John (I),Price
63986,Greg,Pritikin
64052,Tina,Protasoni
64090,Alex,Proyas
64118,Lidia,Pryzluska
64119,Hieronim,Przybyl
64132,Dieter,Pröttel
64178,Algimantas,Puipa
64196,P.,Pullaiah
64220,Massimo,Pupillo
64325,Olivier,Péray
64399,Etienne,Périer
64515,Hans,Quest
64643,François,Rabes
64702,Michael,Radford
64704,Tom,Radford
64738,Milos,Radovic
64747,Stasch,Radwanski Jr.
64796,Sriram,Raghavan
64798,K.,Raghavendra Rao
64848,Sam,Raimi
64861,Michael,Rainin
64924,Nikola,Rajic
64925,Jelena,Rajkovic
64964,Michael (II),Ralph
64989,Kodi,Ramakrishna
65052,P.,Ramlee
65071,Euripides,Ramos
65129,Raúl,Ramírez
65221,William V.,Ranous
65258,Kamalakara Kameshwara,Rao
65312,Irving,Rapper
65323,Steve,Rash
65368,Alberto,Raso Montes
65446,Vincent,Ravalec
65505,Albert (I),Ray
65506,Bernard B.,Ray
65512,Fred Olen,Ray
65531,Herman C.,Raymaker
65542,Jack (III),Raymond
65590,J. Parker,Read Jr.
65640,Ana,Rebuelta
65723,Carol,Reed
65764,Jerry,Rees
65806,Leo (I),Regan
65876,Franz,Reichle
65883,Alastair,Reid
65885,Bill (VIII),Reid
65898,Hal,Reid
65983,Charles,Reisner
66143,Alain,Resnais
66211,Manuel,Revuelta
66218,Florián,Rey
66236,Armand,Reyes
66249,Lore,Reyes
66372,Fátima (I),Ribeiro
66441,John (I),Rich
66444,Richard,Rich
66565,W.D.,Richter
66574,Bruce,Ricker
66591,Miguel,Rico
66605,Richard,Ridgely
66607,George,Ridgwell
66617,William,Riead
66656,Jed,Riffe
66666,Francis,Rigaud
66740,Carlos,Rinaldi
66849,Guy,Ritchie
66870,Tim (I),Ritter
66933,Jacques,Rivette
66964,Hal,Roach
66997,Jess,Robbins
67072,Pamela (II),Roberts
67106,Elise,Robertson
67212,Jacques,Robiolles
67359,Earle,Rodney
67366,Paulino,Rodrigo Díaz
67382,João Pedro,Rodrigues
67445,Ángel,Rodríguez Vázquez
67465,Ismael (II),Rodríguez
67482,Miguel Ángel (IV),Rodríguez
67494,Roberto (I),Rodríguez
67505,Daniel,Roebuck
67543,Albert S.,Rogell
67668,James R.,Rokos
67767,George A. (I),Romero
67795,Antonio (I),Román
67824,Brunello,Rondi
67851,Arthur,Rooke
68003,Phil,Rosen
68158,Gaylen,Ross
68182,Nat,Ross
68231,Peter (II),Rossi
68251,Richard,Rosson
68295,Joe,Roth
68298,Murray (I),Roth
68304,Thomas,Roth
68348,Joachim,Rottensteiner
68442,José (I),Rovirosa
68454,Nevan,Rowe
68462,Roy (I),Rowland
68558,Chito S.,Roño
68663,Alan,Rudolph
68669,Oscar,Rudolph
68699,Patrick,Rufo
68765,Raoul,Ruiz
68807,Ottokar,Runze
68917,Paul,Ruven
69009,Seung-wan,Ryoo
69014,Boris,Rytsarev
69047,Manuel del,Río
69059,Stanislaw,Rózewicz
69167,Arjun,Sablok
69458,Alekos,Sakellarios
69505,András,Salamon
69611,Sidney,Salkow
69669,Aleksei,Saltykov
69763,Mar,Sampedro
69765,Salvatore,Samperi
69767,Luis,Sampieri
69788,Samson,Samsonov
69897,Helma,Sanders-Brahms
69904,Paul (III),Sanderson
69952,Bobby,Sandy
69991,Nikoloz,Sanishvili
70081,Joseph,Santley
70119,P.L.,Santoshi
70163,Julio,Saraceni
70167,Sujit,Saraf
70169,Richard C.,Sarafian
70318,I.V.,Sasi
70323,Luis,Saslavsky
70355,Shimako,Sato
70396,Anno,Saul
70428,Claude,Sautet
70455,Mark (I),Savage
70555,Nejat,Saydam
70640,Francesco,Scavullo
70676,George (I),Schaefer
70703,Franklin J.,Schaffner
70711,Peter,Schamoni
70781,Nicholas,Schelle
70805,Fred,Schepisi
70814,Robert,Scherer
70819,Victor,Schertzinger
70837,Richard,Schickel
70955,John,Schlesinger
70961,Mark,Schlichter
71190,Robert Allen,Schnitzer
71194,Aaron,Schnobrich
71210,Michael,Schoemann
71263,Evald,Schorm
71320,Christoph,Schrewe
71343,Werner,Schroeter
71347,Anne,Schröder
71431,Helmut,Schulzeck
71450,Harold D.,Schuster
71481,Mark (I),Schwahn
71482,Guenter,Schwaiger
71530,Hanns,Schwarz
71532,Jeffrey (I),Schwarz
71541,Milton,Schwarzwald
71654,Art (V),Scott
71686,Joseph (III),Scott
71703,Ridley,Scott
71719,Tony (I),Scott
71772,Francis,Searle
71781,Fred F.,Sears
71793,George (I),Seaton
71890,Stephen,Seemayer
71944,Santiago,Segura
71958,J. Otto,Seibold
71960,Jared,Seide
71976,Lewis,Seiler
71987,William A.,Seiter
71994,George B.,Seitz
72026,Lesley,Selander
72119,Larry (I),Semon
72178,Suayip,Senman
72184,Mack,Sennett
72224,Marco,Serafini
72382,Jonne,Severijn
72430,Nicholas,Sgarro
72515,Ayan,Shakhmaliyeva
72550,Vladimir,Shamshurin
72678,Romesh,Sharma
72717,Ben,Sharpsteen
72743,Chris (I),Shaw
72783,George,Shdanoff
72793,Katt,Shea
72862,Forrest,Sheldon
72863,James (I),Sheldon
72953,John (I),Shepphird
72986,George (I),Sherman
73060,Tsutomu,Shibayama
73098,Vsevolod,Shilovsky
73121,Takashi,Shimizu
73136,Seung-Soo,Shin
73146,Kaneto,Shindô
73150,Taku,Shinjo
73304,Esfir,Shub
73362,Charles,Shyer
73397,Harald,Sicheritz
73424,George (II),Sidney
73425,Scott,Sidney
73463,Jeff,Siegey
73466,George,Siegmann
73513,Slobodan,Sijan
73626,Helene,Silverman
73638,Salik,Silverstein
73698,Andreas,Simon
73766,Justin S.,Simons
73769,Peter,Simons
73859,Srinivasa Rao,Singeetham
73904,Rajneel,Singh
73906,S.V. Rajendra,Singh
73944,Bruce,Sinofsky
73958,Andrew (I),Sipes
74050,Eyal,Sivan
74084,Vilgot,Sjöman
74097,David J.,Skal
74129,Charles (I),Skinner
74174,Mogens,Skot-Hansen
74177,Arne,Skouen
74315,George,Sluizer
74334,Phillips,Smalley
74400,Beaumont,Smith
74413,C. Davis,Smith
74464,George Albert,Smith
74468,Hagen,Smith
74469,Hamilton,Smith
74555,Noel M.,Smith
74562,Paul J. (I),Smith
74729,Paulo Gil,Soares
74774,Mario,Soffici
74872,Fernando,Soler
74874,Julián,Soler
74934,Harry,Solter
74939,Ola,Solum
74957,Miguel,Somera
74997,Chusei,Sone
75063,Türkan,Soray
75131,Zdravko,Sotra
75179,Hélio,Souto
75242,Izzy,Sparber
75347,Sue (I),Spencer
75380,Steven,Spielberg
75577,Malcolm,St. Clair
75650,John M.,Stahl
75743,Paul (I),Stanley
75767,Richard,Stanton
75787,Wladyslaw,Starewicz
75809,Ulrich,Stark
75835,Ringo,Starr
75851,Ralph,Staub
75857,Wolfgang,Staudte
75895,Marshall,Stedman
75949,Angéla,Stefanovics
75956,Giorgio,Stegani
75958,Julius,Steger
76077,Manfred,Stelzer
76087,Eddie,Stenberg
76178,David (IV),Stern
76198,Steven Hilliard,Stern
76240,Edwin,Stevens
76245,George (I),Stevens
76277,M. George,Stevenson
76389,Pavel,Stingl
76605,Ed,Stradling
76631,Costas,Stranjalis
76673,Frank R.,Strayer
76839,John,Sturges
76865,Eric,Styles
76902,Michael,Su
76914,Adurthi,Subba Rao
76940,Özkan,Subutay
76980,Andrew,Sugerman
76984,Toshio,Sugie
77048,Edward P.,Sullivan
77058,Kevin Rodney,Sullivan
77158,Cedric,Sundstrom
77202,Aleksandr,Surin
77225,Jean-Claude,Sussfeld
77379,E.W.,Swackhamer
77450,Barbara Willis,Sweete
77468,David (II),Swift
77563,Waldemar,Szarek
77631,Jeannot,Szwarc
77687,Domingo,Sánchez
77917,Takeo,Takagi
77922,Drew,Takahashi
78103,Olavi,Tamminen
78202,J.B.,Tanko
78208,Alain,Tanner
78236,Qin,Tao
78253,Daniel,Taplitz
78303,Rico,Tariman
78352,Frank,Tashlin
78385,Rama Rao,Tatineni
78415,Norman,Taurog
78439,Bertrand,Tavernier
78444,Vincent,Tavier
78462,Alan (I),Taylor
78479,Don (I),Taylor
78493,Gavin,Taylor
78536,Ray (I),Taylor
78550,Stanner E.V.,Taylor
78559,William Desmond,Taylor
78698,Andy,Tennant
78796,George,Terwilliger
78879,Raja,Thakur
78881,Ramchandra,Thakur
78883,Errikos,Thalassinos
78962,Paulo,Thiago
78980,Wilhelm,Thiele
79065,Gerald,Thomas
79078,John G.,Thomas
79128,Antonio Bonacin,Thome
79137,Andy (II),Thompson
79283,Billy Bob,Thornton
79297,Richard (I),Thorpe
79352,Hélio,Thys
79376,Antonio,Tibaldi
79391,Antonio,Tibiriçá
79419,Darran,Tiernan
79451,Eric,Till
79570,Konstantin,Tkaczenko
79572,Moufida,Tlatli
79632,Milan (II),Todorovic
79791,Milan,Tomsa
79905,Ramón,Torrado
79908,Leopoldo,Torre Nilsson
79918,Luis,Torreblanca
79989,Frank,Tota
80030,Daniel,Tourón
80119,James,Trainor
80368,Victor,Trivas
80432,Gary,Trousdale
80482,Michael,Truman
80514,Ming-liang,Tsai
80638,Yukihiko,Tsutsumi
80736,Montgomery,Tully
80746,Semyon,Tumanov
80790,Anvar,Turayev
80810,Jean-Marc,Turine
80870,Otis,Turner
80936,David,Tybor
80943,Tom,Tykwer
80979,Vili,Tzankov
81045,Safina,Uberoi
81082,Sverre,Udnæs
81103,Eduardo,Ugarte
81165,Heidi,Ulmke
81326,Antonio,Urrutia
81333,Eduardo G.,Ursini
81383,Aleksei,Utkin
81420,Valentin,Vaala
81474,Ladislao,Vajda
81492,Jece,Valadão
81564,Edgar (II),Valenzuela
81632,Alessandro,Valori
81727,Koen,Van Den Bril
81759,Henk,van der Linden
81794,W.S.,Van Dyke
81816,Cyriel,Van Gent
82126,Ferenc,Varsányi
82190,Carlos,Vassallo
82261,Paul,Vecchiali
82277,Carlos,Vega Escalante
82340,Miguel Angel,Velez
82394,Vladimir,Vengerov
82511,Rosa,Vergés
82579,Gianni,Vernuccio
82605,Wim,Verstappen
82762,Martha,Vidrio
82772,Peter,Vieira
82786,Berthold,Viertel
82796,Emilio,Vieyra
82832,Suju,Vijayan
82960,Joseph,Vilsmaier
82968,Edgardo,Vinarao
82976,Bill,Vincent
82983,James (I),Vincent
83071,K.,Vishwanath
83169,Frank,Vogel
83199,Alfred,Vohrer
83229,Nikolai,Volev
83288,Géza,von Bolváry
83298,Christian,von Castelberg
83306,Géza,von Cziffra
83369,Rosa,von Praunheim
83395,Rolf,von Sydow
83396,Ernst R.,von Theumer
83431,Bernard,Vorhaus
83434,Slavko,Vorkapich
83517,Annick,Vroom
83580,Roman,Vávra
83599,Zsolt,Végh
83768,Adriano,Wajskol
83808,John A.,Waldron
83867,Norman (I),Walker
83924,Tommy Lee,Wallace
84009,Raoul,Walsh
84057,Martin,Walz
84178,David (IV),Ward
84214,Ernest C.,Warde
84221,Clyde,Ware
84248,Lothar,Warneke
84343,Eriko,Watanabe
84347,Kanta,Watanabe
84423,William (I),Watson
84492,David (II),Weaver
84516,Lewin,Webb
84558,Lois,Weber
84588,Peter,Weck
84754,Don,Weis
84810,Rob (I),Weiss
84884,Arthur,Wellin
84989,Alfred L.,Werker
85004,Hans (I),Werner
85038,Kai,Wessel
85076,Raymond B.,West
85078,Roland,West
85147,Haskell,Wexler
85279,Jules,White
85300,Sam (I),White
85345,Frank (II),Whitman
85348,Phil,Whitman
85391,Karsten,Wichniarz
85401,Nick,Wickham
85426,Artur,Wiecek
85481,Tomy,Wigand
85507,Crane,Wilbur
85545,Gene,Wilder
85560,Stewart,Wilensky
85572,Carl,Wilhelm
85609,Lacy,Wilkinson
85666,C.J.,Williams
85672,Chuck (I),Williams
85791,Todd (VI),Williams
85794,Vanessa (I),Williams
85803,Fred,Williamson
85819,F. McGrew,Willis
85824,Mikki Allen,Willis
85854,Andrew P.,Wilson
85970,Simon,Wincer
86086,Michael,Winterbottom
86170,William,Witney
86173,Claus Peter,Witt
86215,Jay,Woelfel
86254,Arthur H.,Wolf
86272,Konrad,Wolf
86327,Michael,Wolinski
86341,Adam,Wolny
86404,Lenny,Wong
86439,John (I),Woo
86453,Andrés,Wood
86608,Sönke,Wortmann
86691,Walter (III),Wright
86754,Ziniu,Wu
86768,Henry,Wulschleger
86808,J.H.,Wyman
86883,Jin,Xie
86894,Jitian,Xing
86909,Raoxian,Xu
87029,Satsuo,Yamamoto
87048,Kosaku,Yamashita
87070,Takashi,Yamazaki
87074,Yasuo,Yamyoshi
87077,Jizhou,Yan
87147,Ebru,Yapici
87151,Jean,Yarbrough
87195,Robert (I),Yates
87209,Noam,Yavor
87253,Douglas,Yellin
87266,Kyun-dong,Yeo
87313,Antonio,Yglesias
87330,Atif,Yilmaz
87374,Dwight,Yoakam
87418,Sam-yuk,Yoon
87453,Kozaburo,Yoshimura
87505,Harold,Young
87509,James (I),Young
87530,Robert (III),Young
87685,Georgi,Yungvald-Khilkevich
87763,Lordan,Zafranovic
87819,Scott,Zakarin
87876,Gabriele,Zamparini
87907,Stjepan,Zaninovic
87970,Jerzy,Zarzycki
87982,Yolande,Zauberman
88041,Dan,Zeff
88047,Rudolf,Zehetgruber
88069,Ariel,Zeitoun
88108,Martina,Zemlicka
88154,Denis Adam,Zervos
88176,Greg,Zglinski
88210,Qi (I),Zhang
88231,Yumin,Zhang
88368,Zelimir,Zilnik
88410,Fred,Zingeser
88429,Daniel,Zirilli
88459,Bogdan,Zizic
88751,Zeki,Ökten
88769,Ali,Özgentürk
88781,Pål,Øie
88794,Roald,Øyen
