movie_id,genre
38,Drama
118,Documentary
118,Horror
197,Drama
313,Drama
313,Romance
613,Documentary
742,Documentary
1748,Documentary
2321,Drama
2360,Family
2616,Drama
2685,Comedy
2721,Documentary
3018,Mystery
3143,Comedy
3143,Short
3277,Crime
3277,Drama
3277,Film-Noir
3454,Drama
3564,War
4198,Action
4233,Drama
4407,Action
4407,Drama
4536,Drama
4536,Mystery
4536,Thriller
4733,Drama
4831,Drama
4960,Comedy
5048,Action
5048,Drama
5189,Comedy
5360,Crime
5505,Comedy
5505,Short
5563,Crime
5706,Drama
5706,Romance
5825,Short
5825,Western
5904,Comedy
5904,Romance
6064,Music
6082,Drama
6194,Comedy
6478,Short
6936,Adventure
6936,Comedy
6936,Romance
6936,Sci-Fi
6940,Crime
7164,Adventure
7198,Comedy
7198,Drama
7198,Romance
7211,Crime
7211,Drama
7506,Comedy
7615,Drama
8045,Drama
8086,Drama
8196,Documentary
8583,Drama
8613,Drama
9081,Comedy
9081,Short
9658,Music
9658,Short
9965,Adventure
10017,Comedy
10017,Short
10156,Comedy
10156,Romance
10316,Drama
10341,Drama
10518,Animation
10518,Comedy
10518,Family
10518,Short
10550,Documentary
10648,Thriller
10996,Drama
11079,Short
11468,Comedy
11468,Short
11923,Horror
11923,Short
12105,Drama
12428,Short
12532,Drama
12723,Crime
12723,Drama
12910,Comedy
12910,Drama
13046,Comedy
13182,Drama
13182,Short
13392,Action
13392,Crime
13392,Drama
13392,Family
13462,Drama
13547,Short
13601,Drama
13733,Drama
13733,Short
13742,Comedy
13742,Romance
13951,Drama
14324,Documentary
14324,Short
14624,Crime
14624,Drama
14673,Comedy
15014,Short
15093,Drama
15221,Drama
16114,Drama
16315,Drama
16328,Family
16397,Music
16632,Drama
16632,Short
16712,Drama
16712,Short
16762,Action
16762,Drama
16762,War
16887,Thriller
16990,Drama
17304,Comedy
17375,Action
17375,Adventure
17375,Drama
17375,Fantasy
17534,Drama
17965,Comedy
17965,Fantasy
17965,Short
18119,Drama
18119,Romance
18391,Short
18953,Drama
18953,Thriller
18973,Thriller
19187,Action
19187,Drama
19256,Short
19260,Comedy
19298,Musical
19605,Drama
19658,Documentary
19658,Short
19686,Adventure
20187,Comedy
20357,Drama
20357,Family
20497,Action
20912,Comedy
20968,Documentary
21295,Drama
21295,Music
21372,Documentary
21446,Romance
21555,Comedy
22040,Romance
22198,Thriller
22840,Comedy
22840,Short
22929,Short
22930,Comedy
22930,Short
23318,Documentary
23448,Comedy
23448,Horror
23448,Sci-Fi
23553,Horror
23553,Thriller
24129,Drama
24364,Thriller
24479,Drama
24796,Drama
24889,Drama
25462,Comedy
25462,Short
25462,Thriller
25613,Family
25633,Comedy
25851,Romance
25851,Thriller
26019,Action
26019,Horror
26019,Thriller
26022,Drama
26022,Short
26311,Drama
26311,Thriller
26420,Comedy
26420,Short
26487,Drama
26487,Horror
26487,Thriller
27665,Comedy
27665,Drama
27682,Action
27682,Drama
27796,Comedy
27796,Romance
27916,Drama
28059,Comedy
28059,Drama
28690,Drama
28702,Drama
28702,War
28735,Drama
28912,Comedy
28912,Short
28992,Adventure
28992,Drama
28992,Mystery
29086,Western
29256,Thriller
29542,Short
29542,Western
29548,Comedy
29550,Drama
29655,Short
29663,Drama
29893,Western
30180,Family
30277,Comedy
30277,Drama
30277,Romance
30668,Horror
30668,Short
30678,Comedy
30678,Horror
31204,Western
32031,Drama
32257,Comedy
32257,Short
32518,Short
32573,Animation
32573,Comedy
32573,Family
32573,Short
32692,Drama
33105,Comedy
33293,Drama
33799,Drama
33813,Western
33826,Comedy
33826,Musical
34384,Adventure
34384,Fantasy
35255,Drama
35276,Drama
35336,Animation
35336,Comedy
35336,Short
35477,Documentary
35477,Short
35586,Documentary
35594,Comedy
35594,Horror
35594,Sci-Fi
35660,Action
35847,Short
36482,Comedy
36565,Comedy
36624,Drama
36624,Musical
36624,Romance
36733,Documentary
37000,Drama
37000,Thriller
37154,Short
37768,Drama
37825,Western
37871,Comedy
38022,Comedy
38022,Short
38136,Drama
38205,Drama
38722,Documentary
38810,Drama
38813,Comedy
38813,Fantasy
38813,Romance
39037,Drama
39037,Music
39108,Adventure
39108,Comedy
39645,Western
40084,Animation
40084,Comedy
40084,Family
40084,Musical
40084,Short
40178,Documentary
40178,Short
40427,Drama
40559,Action
40559,Crime
40641,Short
41006,Comedy
41055,Comedy
41055,Short
41095,Comedy
41843,Crime
41843,Drama
41872,Thriller
41876,Comedy
41876,Drama
42068,Drama
42068,Musical
42140,Documentary
42311,Short
42531,Drama
42633,Drama
42693,Drama
42693,Romance
42846,Comedy
42846,Sci-Fi
42846,Thriller
42966,Drama
42966,Music
42966,Romance
43023,Drama
43875,Horror
44256,Crime
44256,Western
44338,Western
44408,Drama
44447,Short
44474,Adventure
44474,Drama
45309,Comedy
45309,Short
45431,Comedy
45431,Drama
45544,Short
45544,War
45640,Comedy
45640,Drama
46064,Crime
46064,Drama
46104,Drama
46104,War
46109,Short
46251,Drama
46605,Romance
46662,Comedy
46662,Short
46686,Drama
46686,Romance
47116,Documentary
47309,Drama
47418,Drama
47632,Short
47632,Western
47659,Short
47659,Western
47682,Short
47682,Western
47713,Short
47713,Western
47717,Short
47717,Western
47839,Action
47903,Documentary
47996,Documentary
47996,Short
48176,Drama
48435,Comedy
48435,Drama
48442,Comedy
48442,Romance
48709,Drama
48709,Music
48730,Animation
48730,Comedy
48730,Family
48730,Short
48796,Drama
48796,Short
49467,Comedy
49467,Short
49726,Drama
50137,Action
50137,Adventure
50137,Crime
50137,Drama
50242,Comedy
50242,Family
50313,Short
50440,Romance
50440,Short
50440,Thriller
50868,Comedy
50868,Short
51006,Drama
51006,Thriller
51033,Horror
51033,Romance
51233,Comedy
51233,Drama
51233,Musical
51613,Drama
52015,Western
52036,Comedy
52036,Drama
52445,Action
53140,Comedy
53288,Thriller
53336,Comedy
53336,Musical
53336,Romance
53395,Short
54084,Drama
54320,Adventure
54320,Drama
54321,Drama
54466,Drama
54466,Western
54514,Comedy
54514,Short
54534,Comedy
54534,Drama
54648,Drama
54657,Crime
54657,Drama
54657,Romance
54657,Thriller
54722,Comedy
54722,Drama
54930,Drama
54999,Adventure
54999,Western
55331,Comedy
55331,Musical
55378,Adventure
55486,Documentary
55761,Drama
55761,Short
55822,Documentary
55822,Short
55901,Drama
56054,Drama
56145,Crime
56145,Drama
56297,Comedy
56424,Thriller
56522,Comedy
56522,Drama
56522,Family
56522,Horror
56861,Comedy
56861,Short
56865,Animation
56865,Comedy
56865,Family
56865,Short
56889,Comedy
56889,War
56930,Documentary
56930,Short
57243,Short
57421,Action
57421,Crime
57421,Mystery
57421,Thriller
57508,Drama
57925,Documentary
57925,Short
58020,Drama
58020,Mystery
58020,Romance
58288,Drama
58319,Documentary
58319,Drama
58365,Action
58550,Short
58778,Action
58778,Comedy
58856,Comedy
58888,Short
58924,Action
58924,Drama
59193,Comedy
59193,Short
59302,Documentary
59341,Comedy
59341,Drama
60246,Comedy
60246,Drama
60396,Comedy
60425,Animation
60535,Drama
60649,Drama
60804,Short
61265,Comedy
61382,Drama
61382,Short
61384,Short
61384,Western
61457,Drama
61557,Drama
61642,Horror
61824,Drama
61992,Action
61992,Adventure
61992,Drama
62037,Action
62280,Crime
63237,Short
63410,Drama
63488,Drama
63625,Action
63757,Comedy
63757,Short
63799,Comedy
63801,Comedy
63801,Romance
63851,Drama
64078,Family
64078,Fantasy
64078,Musical
64078,Romance
64554,Horror
64636,Drama
65044,Drama
65228,Action
65228,Adventure
65228,Family
65228,Fantasy
65228,Romance
65386,Drama
65386,Romance
65427,Crime
65427,Documentary
65427,Horror
65427,Mystery
65477,Western
65493,Comedy
65493,Short
66258,Comedy
66258,Drama
66314,Drama
66314,Romance
66581,Drama
66581,Short
66584,Drama
66584,Romance
66584,Sci-Fi
66891,Comedy
66891,Romance
67011,Drama
67060,Short
67133,Comedy
67246,Drama
67682,Western
67725,War
67784,Short
67934,Drama
67958,Drama
67958,Music
68027,Comedy
68072,Drama
68266,Action
68266,Adventure
68266,Animation
68266,Sci-Fi
68266,War
68272,Action
68272,Adventure
68272,Animation
68272,Comedy
68272,Sci-Fi
68534,Music
68534,Short
68538,Music
68538,Short
69054,Crime
69054,Thriller
69472,Documentary
69472,Short
69532,Drama
69583,Comedy
69905,Documentary
69971,Drama
69971,Fantasy
69971,Music
69971,Romance
70588,Comedy
70588,Drama
70588,Fantasy
70588,Music
70992,Comedy
71006,Comedy
71410,Documentary
71633,Comedy
71633,Romance
71757,Comedy
71819,Crime
71948,Drama
72226,Western
72275,Short
72275,Western
72498,Comedy
72544,Short
72722,Comedy
72722,Short
72772,Drama
72772,Horror
72815,Short
73442,Drama
73442,Fantasy
73442,Romance
73442,Short
73482,Drama
73911,Action
73911,Short
74011,Comedy
74011,Drama
74249,Drama
74305,Music
74984,Comedy
74984,Musical
75289,Comedy
75289,Short
75421,Drama
75687,Comedy
75687,Short
75696,Drama
75696,Short
75705,Horror
75739,Drama
75842,Western
75864,Comedy
75864,Thriller
76127,Comedy
76127,Documentary
76184,Crime
76350,Drama
76562,Comedy
76562,Drama
76621,Drama
76709,Romance
76951,Drama
77357,Drama
77910,Action
77934,Drama
77992,Comedy
78031,Western
78200,Drama
78882,Horror
78882,Mystery
78882,Thriller
78912,Drama
78912,War
79231,Drama
79231,War
79612,Drama
79612,Short
79716,Action
79716,Drama
79716,Sci-Fi
79716,Thriller
79884,Drama
79884,Romance
79932,Comedy
79932,Short
80330,Adventure
80338,Comedy
80338,Short
80399,Thriller
80500,Crime
80702,Mystery
80821,Music
81082,Documentary
81337,Drama
81337,Horror
81498,Drama
81574,Crime
81574,Drama
81605,Drama
81615,Drama
82266,Drama
82733,Action
82733,Comedy
82733,Horror
82756,Drama
82908,Drama
82908,Short
83220,Documentary
83333,Action
83401,Documentary
83527,Comedy
83594,Western
83862,Comedy
84486,Comedy
84505,Drama
84521,Drama
84521,Short
84833,Comedy
84833,Family
85028,Drama
85542,Horror
85542,Mystery
85973,Drama
86397,Short
86475,Documentary
86567,Drama
86567,Romance
86745,Comedy
86745,Drama
86745,Family
86745,Romance
86801,Drama
86801,Short
86908,Animation
86908,Comedy
86908,Family
86908,Short
86963,Mystery
86963,Romance
87122,Comedy
87148,Documentary
87156,Music
87156,Short
87191,Drama
87344,Comedy
87344,Short
87497,Comedy
87497,Romance
87542,Action
87542,Drama
87664,Documentary
87664,Short
88199,Comedy
88324,Drama
88324,War
88909,Horror
88909,Mystery
89093,Short
89143,Comedy
89143,Short
89294,Animation
89294,Comedy
89294,Family
89294,Short
89310,Comedy
89310,Family
89310,Short
89742,Drama
89742,Thriller
90302,Comedy
90302,Short
90379,Short
90708,Drama
90778,Short
90928,Action
90928,Adventure
91092,Animation
91333,Action
91333,Drama
91726,Short
92074,Comedy
92112,Comedy
92387,Documentary
92555,Crime
92555,Thriller
92556,Drama
93024,Documentary
93024,Short
93089,Short
93294,Drama
93443,Comedy
93888,Thriller
93958,Thriller
94128,Western
94213,Drama
94213,Short
94213,Western
94447,Comedy
94447,Drama
94447,Romance
94593,Drama
94610,Western
94749,Drama
94749,Short
94808,Action
94808,War
94976,Short
95131,Comedy
95131,Short
95135,Comedy
95135,Drama
95135,Romance
95510,Comedy
95757,Thriller
95834,Drama
95975,Comedy
95975,Drama
96298,Comedy
96332,Drama
96332,Musical
96332,Romance
96403,Comedy
96403,Musical
96632,War
96769,Documentary
97030,Horror
97417,Comedy
97417,Short
97848,Drama
98166,Drama
98346,Short
98370,Drama
98495,Drama
98495,Romance
98495,Thriller
98600,Horror
98913,Animation
98913,Short
99245,Comedy
99316,Comedy
99325,Short
99918,Drama
99918,Romance
99962,Drama
99962,Short
100093,Comedy
100285,Short
100541,Short
100662,Comedy
100662,Drama
101249,Comedy
101390,Drama
101444,Drama
101868,Crime
102227,Horror
102227,Sci-Fi
102227,Thriller
102251,Documentary
102327,Short
102678,Drama
102838,Fantasy
102838,Horror
103482,Action
103482,Adventure
103482,Crime
103482,Drama
103956,Documentary
104409,Comedy
104888,Action
104888,Crime
104888,Drama
104930,Short
105622,Comedy
105705,Short
105726,Thriller
105921,Action
105968,Action
105968,Drama
105968,Thriller
106023,Drama
106023,Fantasy
106023,Romance
106285,Action
106285,Comedy
106318,Horror
106443,Thriller
106493,Drama
106493,Thriller
106606,Comedy
106606,Short
106638,Drama
106641,Western
106893,Comedy
106893,Short
106994,Comedy
107046,Drama
107046,Short
107428,Action
107428,Comedy
107428,Drama
107581,Comedy
107581,Romance
107681,Comedy
107681,Drama
107681,Romance
107722,Documentary
107827,Drama
107827,Mystery
107827,Sci-Fi
107928,Drama
107928,Short
107987,Drama
108065,Comedy
108065,Music
108227,Documentary
108227,Short
108600,Action
108600,Sci-Fi
108600,Short
108743,Comedy
108743,Family
108782,Short
108782,War
108860,Animation
108860,Family
108994,Musical
109065,Documentary
109065,Drama
109618,Comedy
109618,Short
109653,Crime
109653,Short
109654,Drama
109782,Drama
109822,Drama
109822,Short
109857,Comedy
109857,Family
110283,Drama
110283,Romance
110829,Comedy
111104,Crime
111394,Documentary
111425,Documentary
111425,Short
111768,Comedy
111768,Romance
111777,Musical
112076,Documentary
112076,Short
112085,Documentary
112085,Short
112514,Comedy
112523,Western
112587,Western
112591,Drama
112593,Comedy
112593,Short
112830,Comedy
112948,Documentary
113115,Drama
113363,Drama
113459,Crime
113459,Drama
113485,Drama
113485,Family
113556,Short
113894,Western
114582,Drama
114582,Sci-Fi
114666,Musical
114679,Drama
114735,Comedy
114735,Short
114839,Sci-Fi
114842,Drama
114986,Short
115045,Documentary
115045,Short
115650,Comedy
115745,Drama
115912,Short
115943,Comedy
115943,Family
115943,Fantasy
116002,Comedy
116193,Drama
116325,Drama
116426,Comedy
116426,Musical
116496,Comedy
116496,Musical
116516,Musical
116985,Comedy
117091,Drama
117091,Romance
117092,Comedy
117092,Musical
117248,Short
117456,Horror
117456,Short
117533,Drama
117673,Drama
118094,Short
118105,Romance
118147,Drama
118438,Comedy
118548,Drama
118696,Comedy
118731,Documentary
118853,Documentary
118864,Animation
118864,Short
118937,Documentary
118937,Horror
119108,Action
119108,Drama
119736,Short
120271,Drama
120271,Family
120791,Fantasy
120791,Romance
120847,Drama
120923,Drama
121582,Crime
121582,Family
121858,Comedy
121858,Romance
122093,Action
122093,Crime
122321,Short
122402,Short
122448,Drama
122471,Action
122471,Horror
122471,Short
122471,Thriller
122817,Drama
122957,Horror
122977,Music
123290,Drama
123290,Short
123471,Short
123708,Drama
124155,Short
124343,Adventure
124343,Comedy
124343,Western
124809,Drama
124903,Thriller
125272,Comedy
125272,Short
125297,Comedy
125297,Musical
125300,Comedy
125345,Romance
125394,Drama
125395,Drama
125682,Comedy
125835,Drama
125859,Western
126076,Comedy
126076,Short
126273,Documentary
126273,Short
126447,Drama
126504,Action
126504,Crime
126504,Drama
126504,Thriller
127080,Adventure
127080,Horror
127100,Drama
127118,Comedy
127481,Drama
127635,Comedy
127635,Short
127683,Drama
127683,Romance
128145,Comedy
128145,Music
128333,Drama
128369,Romance
128369,Western
128440,Comedy
128440,Musical
128440,Western
128584,Drama
128584,Thriller
129007,Music
129007,Romance
129135,Drama
129188,Action
129188,Adventure
129188,Comedy
129188,Fantasy
129611,Comedy
129649,Adventure
129649,Drama
129850,Comedy
129850,Short
130405,Documentary
130405,Short
131431,Comedy
131431,Drama
131507,Drama
131507,War
131716,Action
131716,Drama
131751,Short
131754,Family
131928,Animation
131928,Short
131974,Short
132646,Action
132646,Adventure
132646,Comedy
132892,Documentary
132892,Short
133110,Comedy
133397,Drama
133995,Drama
134154,Comedy
134327,Documentary
134580,Short
135201,Horror
135201,Short
135644,Documentary
135644,Music
135644,Short
136048,Western
136252,Romance
136509,Comedy
136509,Drama
136509,Musical
136961,Horror
137003,Comedy
137097,Drama
137146,Comedy
137203,Documentary
137203,Short
137685,Comedy
137685,Documentary
137685,Horror
137699,Drama
137808,Mystery
138223,Western
138275,Drama
138275,War
138309,Comedy
138309,Short
138478,Drama
138478,War
138506,Musical
138822,Comedy
139341,Animation
139341,Comedy
139341,Family
139341,Short
139458,Western
139503,Drama
139923,Animation
139923,Comedy
139923,Family
139923,Short
139987,Action
139987,Drama
139996,Action
140010,Comedy
140010,Family
140036,Drama
140438,Romance
140442,Drama
140824,Comedy
140824,Musical
141009,Western
141450,Drama
141495,Documentary
141498,Drama
141499,Drama
141547,Action
141627,Drama
141627,War
141788,Drama
142164,Thriller
142240,Comedy
142378,Action
142378,Horror
142424,Crime
142430,Drama
142808,Documentary
142985,Comedy
142985,Crime
142985,Mystery
142985,Romance
143055,Comedy
143055,Romance
143055,Short
143105,Comedy
143349,Comedy
143349,Short
143636,Comedy
143658,Comedy
143658,Short
143688,Documentary
143861,Short
143861,Western
143924,Drama
143924,War
144486,Drama
144486,Short
144497,Comedy
144497,Musical
144637,Drama
144712,Drama
144712,Musical
144712,Romance
144712,Short
145083,Comedy
145083,Documentary
145228,Action
145690,Action
145690,Adventure
145690,Crime
145690,Drama
145690,Short
145690,Thriller
145812,Comedy
145812,Short
145814,Western
145936,Comedy
145936,Short
145944,Comedy
145944,Short
146010,Comedy
146010,Short
146416,Comedy
146416,Documentary
146416,Short
146564,Drama
147219,Drama
147219,Short
147226,Drama
147378,Comedy
147567,Comedy
147567,Musical
148067,Adventure
148503,Documentary
148503,Short
148719,Crime
148719,Drama
148719,Thriller
148737,Drama
148840,Western
148963,Thriller
149089,Family
149142,Thriller
149322,Crime
149629,Animation
149629,Short
149642,Adventure
149904,Drama
149999,Comedy
149999,Short
150136,Adventure
150136,Animation
150136,Family
150326,Comedy
150326,Short
150398,Comedy
150398,Short
150792,Comedy
150792,Horror
150882,Drama
151082,Horror
151196,Drama
151675,Comedy
151675,Musical
151823,Crime
151923,Drama
153430,Crime
153752,Drama
153752,Romance
154054,Comedy
154054,Short
154284,Documentary
154667,Documentary
154667,Short
155126,Action
155126,Drama
155209,Adventure
155903,Drama
155957,Comedy
156082,Documentary
156082,Short
156154,Drama
156431,Drama
156431,Romance
156619,Documentary
156905,Drama
157206,Crime
157206,Drama
157252,Drama
157290,Comedy
157342,War
157378,Documentary
157378,Short
158216,Drama
158216,Romance
158505,Music
158869,Music
159075,Comedy
159075,Drama
159171,Action
159171,Adventure
159171,Animation
159171,Fantasy
159326,Short
159479,Drama
159872,Short
159990,Drama
160625,Comedy
160732,Drama
160732,Romance
160976,Action
161278,Documentary
161511,Adventure
161511,Drama
161604,Short
161663,Short
161727,Sci-Fi
161727,Thriller
162366,Comedy
162419,Drama
162452,Comedy
162645,Drama
162645,Romance
162679,Documentary
163068,Documentary
163068,Short
163485,Drama
163485,Family
163485,Fantasy
163485,Romance
163568,Animation
163568,Family
163679,Drama
163919,Drama
163996,Drama
164024,Drama
164079,Drama
164079,Romance
164079,War
164123,Drama
164123,Family
164399,Action
164399,Adventure
164399,Drama
165070,Animation
165070,Comedy
165070,Family
165070,Short
165090,Crime
165090,Thriller
165144,Drama
165418,Comedy
165418,Drama
165418,Short
165521,Drama
165818,Comedy
165916,Documentary
165970,Horror
166036,Comedy
166036,Short
166402,Drama
166783,Drama
166878,Drama
166878,Thriller
167200,Drama
167353,Comedy
167404,Drama
167480,Comedy
167480,Drama
167480,Romance
167528,Comedy
167625,Documentary
167625,Music
167835,Drama
167888,Action
167911,Drama
167911,War
168448,Short
168725,Adventure
168725,Comedy
168725,Drama
168725,Fantasy
168725,Musical
168725,Short
168765,Action
168765,Drama
168765,Western
168889,Drama
168889,Family
169008,Crime
169041,Drama
169041,Short
169047,Drama
169163,Drama
169163,Music
169180,Comedy
169180,Short
169228,Drama
169258,Documentary
169440,Action
169440,Adventure
169440,Drama
169581,Comedy
169698,Drama
169698,Romance
169783,Adventure
169783,Drama
169783,War
169830,Comedy
169830,Family
169830,Short
169833,Fantasy
169833,Sci-Fi
170139,Mystery
170759,Adventure
170857,Family
171191,Comedy
171234,Drama
171310,Comedy
171384,Drama
171392,Short
171537,Comedy
171622,Drama
171964,Documentary
172303,Drama
172303,Romance
172463,Comedy
172691,Thriller
173020,Crime
173147,Documentary
173214,Romance
173318,Drama
173422,Drama
173513,Drama
173651,Romance
173680,Family
173680,Short
173739,Comedy
173750,War
174026,Action
174026,Drama
174189,Comedy
174234,Drama
174234,Romance
174307,Comedy
174715,Family
174763,Comedy
175068,Comedy
175479,Drama
175496,Documentary
175546,Family
175740,Comedy
175740,Short
175889,Family
176280,Comedy
176280,Short
176984,Horror
177146,Drama
177335,Drama
177427,Short
177521,Comedy
177521,Drama
177521,Horror
177756,Animation
177756,Short
177904,Drama
178181,Documentary
178181,Music
178188,Comedy
178188,Romance
178386,Short
178461,War
179029,Comedy
179029,Short
179109,Comedy
179375,Drama
179376,Comedy
179376,Fantasy
179376,Musical
179376,Romance
179798,Drama
180339,Documentary
180339,Music
180339,Short
180353,Comedy
180386,Drama
180386,Short
180404,Short
180612,Drama
180612,War
180738,Drama
180891,Drama
180951,Adventure
180951,Crime
181117,Animation
181117,Family
181117,Short
181335,Comedy
182114,Drama
182435,Documentary
182999,Drama
183340,Comedy
183728,Comedy
183741,Drama
183877,Action
183877,Crime
183877,Drama
183877,Thriller
183917,Comedy
184085,Documentary
184085,Short
184233,Comedy
184553,Comedy
185145,Crime
185145,Drama
185145,Thriller
185162,Comedy
185516,Drama
185523,Western
185592,Horror
185764,Drama
186304,Drama
186416,Western
187011,Adventure
187025,Comedy
187033,Comedy
187137,Action
187137,Adventure
187137,Drama
187137,Fantasy
187137,Horror
187151,Drama
187151,Short
187249,Western
187397,Documentary
187529,Crime
187529,Drama
187691,Comedy
187691,Musical
187691,Romance
188336,Comedy
188336,Short
188437,Animation
188825,Drama
188973,Documentary
188973,Short
188995,Action
188995,Crime
188995,Drama
188995,Thriller
189025,Drama
189025,Mystery
189231,Comedy
189466,Comedy
189466,Drama
189685,Comedy
189692,Comedy
189692,Romance
189793,Romance
189881,Drama
189982,Comedy
189982,Drama
189989,Drama
189989,Short
190004,Short
190307,Drama
190345,Sci-Fi
190572,Comedy
190572,Western
190688,Drama
190954,Crime
190954,Drama
190954,Mystery
190954,Thriller
191123,Horror
191194,Drama
191248,Documentary
191248,Music
191273,Western
191305,Adventure
191512,Documentary
191581,Drama
191659,Drama
191659,Romance
191659,Short
191672,Short
192190,Romance
192190,Short
192238,Drama
192345,Short
192630,Drama
192630,Romance
192814,Short
192826,Documentary
193504,Crime
193504,Drama
193504,Romance
193504,Thriller
193540,Drama
193746,Mystery
193801,Comedy
193801,Short
193824,Animation
193824,Comedy
193824,Family
193824,Short
194470,Comedy
194470,Drama
194603,Documentary
194690,Mystery
194868,Comedy
194868,Drama
195170,Drama
195315,Romance
195315,Short
195483,Comedy
195579,Comedy
195579,Romance
195955,Comedy
195955,Short
195964,Romance
196040,Comedy
196221,Short
196235,Comedy
196235,Western
196241,Short
196688,Drama
196688,Romance
196688,War
196764,Action
196764,Sci-Fi
197108,Animation
197108,Family
197108,Short
197409,Comedy
197473,Comedy
197503,Comedy
197506,Comedy
197569,Horror
197808,Drama
197808,Musical
198026,Adventure
198205,Drama
198348,Action
198348,Adventure
198648,Action
198648,Crime
198648,Drama
198648,Romance
198996,Comedy
199074,Adventure
199086,Documentary
199086,Drama
199086,Short
199430,Drama
199430,Family
199527,Comedy
199527,Crime
199527,Mystery
199527,Thriller
199561,Romance
199561,Short
199604,Comedy
199604,Romance
199820,Comedy
200334,Comedy
200334,Musical
200455,Comedy
200455,Short
200478,Drama
200925,Drama
201053,Drama
201053,Musical
201053,Romance
201529,Comedy
201529,Short
201667,Documentary
201667,Short
201676,Documentary
201719,Documentary
201867,Action
201867,Documentary
201954,Comedy
202031,Short
202240,Drama
202266,Comedy
202266,Drama
202667,Drama
202667,War
202895,Drama
203064,Western
203090,Western
203097,Drama
203097,War
203147,Comedy
203271,Documentary
203271,Short
203303,Western
203479,Crime
203479,Drama
203479,Film-Noir
203645,Short
204024,Drama
204024,Family
204024,Short
204045,Short
204344,Drama
204344,Short
204512,Comedy
204512,Crime
204630,Horror
204630,Short
204878,Documentary
204878,Short
205137,Horror
205292,Drama
205669,Drama
205709,Comedy
206402,Comedy
206402,Short
206476,Comedy
206476,Drama
206630,Drama
206630,Horror
207011,Drama
207152,Crime
207152,Romance
207260,Adventure
207570,Drama
207860,Drama
207860,Romance
207883,Short
207942,Animation
207942,Sci-Fi
207942,Short
207951,Action
207951,Short
208215,Drama
208682,Drama
209034,Comedy
209034,Musical
209231,Comedy
209432,Documentary
209432,Short
209597,Documentary
209597,Short
209660,Comedy
209660,Musical
209705,Romance
209705,Short
210048,Comedy
210063,Short
210206,Comedy
210206,Short
210432,Western
211223,Comedy
211223,Musical
211322,Adventure
211324,Action
211324,Adventure
211826,Drama
211826,Mystery
211826,Sci-Fi
211826,Thriller
211847,Drama
212135,Comedy
212315,Comedy
212315,Short
212344,Comedy
212344,Fantasy
212419,Drama
212630,Crime
212736,Comedy
212764,Short
213069,Crime
213069,Drama
213069,Film-Noir
213069,Romance
213368,Comedy
213368,Horror
213368,Mystery
213468,Animation
213468,Family
213566,Comedy
213723,Adventure
213723,Comedy
213784,Musical
213784,Romance
213893,Comedy
213893,Musical
213950,Short
214083,Crime
214126,Comedy
214143,Comedy
214143,Romance
214213,Comedy
214517,Drama
214517,Sci-Fi
214517,Short
214644,Short
215435,Drama
215586,Romance
215586,Short
216470,Short
216542,Drama
216542,Musical
217081,Drama
217216,Drama
217227,Short
217295,Short
217305,Comedy
217352,Drama
217655,Short
217721,Comedy
217977,Mystery
218210,Documentary
218376,Horror
218456,Adventure
218456,Horror
218456,Thriller
218639,Drama
218688,Drama
218799,Action
218799,Comedy
218799,Drama
218799,Mystery
218825,Western
219853,Crime
219853,Drama
219853,Mystery
219853,Thriller
220049,Horror
220049,Thriller
220317,Western
220431,Animation
220431,Short
220573,Action
220573,Drama
220602,Music
220602,Short
220637,Drama
220724,Comedy
220724,Fantasy
220724,Music
220916,Drama
221559,Comedy
221596,Adventure
221596,Comedy
221596,Family
221596,Short
222636,Crime
222636,Drama
222636,Mystery
222636,Thriller
222668,Drama
222668,Thriller
222861,Action
222861,Adventure
222861,Drama
223364,War
223389,Drama
223478,Drama
223489,Comedy
223659,Documentary
223951,Comedy
224029,Drama
224155,Documentary
224188,Comedy
224292,Comedy
224292,Romance
224390,Drama
224445,Drama
224445,Short
224688,Comedy
224688,Short
224809,Crime
224809,Drama
224809,Film-Noir
224975,Short
225281,Crime
225702,Short
225819,Drama
225820,Comedy
225820,Musical
225882,Documentary
225882,Short
225929,Drama
225972,Drama
225985,Comedy
225985,Drama
225985,Musical
225985,Romance
226198,Comedy
226332,Drama
226364,Action
226555,Drama
226799,Comedy
226815,Documentary
226815,Short
226940,Drama
227008,Western
227204,Drama
227204,Romance
227685,Drama
227704,Short
227781,Drama
228303,Documentary
228303,Music
228378,Drama
228755,Comedy
228755,Drama
228755,Romance
228902,Drama
229104,Drama
229963,Drama
230108,Sci-Fi
230108,Short
230258,Crime
230258,Short
230427,Action
230427,Drama
230433,Short
230595,Drama
230818,Drama
230818,Short
231021,Comedy
231021,Short
231330,Drama
231675,War
231818,Drama
231818,Short
231919,Crime
231919,Drama
231919,Thriller
231970,Drama
231979,Comedy
231979,Drama
232397,Comedy
232397,Horror
232417,Comedy
232668,Drama
233469,Documentary
233469,Short
233771,Drama
233826,Documentary
233829,Drama
233829,Thriller
234128,Documentary
234128,Short
234154,Drama
234154,War
234254,Drama
234301,Comedy
234301,Fantasy
234301,Short
234452,Drama
234455,Documentary
234457,Drama
234457,Musical
234895,Comedy
234895,Short
235246,Drama
235473,Sci-Fi
235745,Thriller
235889,Musical
235889,Short
235997,Drama
235997,Short
236046,Documentary
236121,Short
236287,Action
236311,Documentary
236311,Short
236421,Short
236435,Comedy
236435,Musical
236458,Crime
236458,Drama
236458,Mystery
236681,Comedy
236681,Drama
237568,Western
237574,Drama
238529,Documentary
238529,Family
238694,Animation
238694,Short
238721,Comedy
238721,Short
239010,Comedy
239068,Crime
239068,Drama
239243,Drama
239243,Romance
239321,Drama
239380,Drama
239385,Crime
239398,Western
239762,Western
239790,Comedy
239790,Drama
239816,Adventure
239816,Western
240457,Comedy
240457,Drama
240457,Fantasy
240516,Adventure
240951,Short
240958,Drama
241031,Comedy
241150,Short
241235,Drama
241235,Short
241320,Action
241616,Comedy
241616,Short
241629,Drama
241700,Action
241894,Drama
241943,Drama
242044,Drama
242394,Animation
242394,Short
243363,Drama
243525,Comedy
243525,Short
243560,Short
243772,Short
243905,Action
244276,Drama
244276,Music
244316,Drama
244651,Adventure
244651,War
244701,Comedy
244701,Short
244910,Comedy
245078,Short
245078,Western
245135,Drama
245642,Comedy
245642,Short
245645,Comedy
246308,Drama
246308,War
246346,Documentary
246419,Short
246488,Drama
246751,Documentary
246855,Drama
246861,Comedy
246861,Musical
246861,Sci-Fi
247032,Horror
247040,Crime
247040,Mystery
247040,Thriller
247559,Drama
247576,Action
247576,Crime
247576,Drama
247576,Thriller
247907,Comedy
247907,Musical
247907,Short
247915,Comedy
247915,Drama
248048,Comedy
248291,Drama
248310,Drama
248310,Short
248539,Documentary
248889,Comedy
249267,Crime
249267,Drama
249716,Animation
249716,Short
249885,Drama
250609,Action
250795,Comedy
250881,Drama
251434,Short
251553,Drama
251588,Drama
251828,Drama
251828,Romance
252036,Drama
252036,Family
252036,Music
252285,Comedy
252285,Romance
252301,Comedy
252385,Drama
252385,Thriller
252575,Documentary
252575,Short
252787,Drama
252914,Comedy
252914,Short
252974,Comedy
253186,Drama
253506,Documentary
253506,Short
253719,War
253831,Comedy
253831,Short
253898,Drama
253898,Romance
253915,Family
253915,Fantasy
253915,Musical
254076,Drama
254315,Short
254347,Drama
254568,Adventure
254568,Animation
254568,Family
254568,Fantasy
255246,Comedy
255385,Action
255385,Drama
255510,Drama
256116,Comedy
256527,Horror
256862,Comedy
256862,Short
257708,Animation
257708,Comedy
257708,Family
257708,Short
257750,Horror
257750,Thriller
257877,Drama
258303,Drama
258369,Horror
258666,Short
258794,Adventure
258818,Documentary
258854,Drama
258891,Drama
258938,Drama
259628,Crime
260224,Adventure
260224,Family
260224,Musical
260292,Comedy
260292,Short
260327,Fantasy
260327,Musical
260327,Sci-Fi
260380,Animation
260380,Comedy
260380,Family
260380,Short
260442,Documentary
260442,Short
260454,Documentary
260454,Short
260567,Documentary
260567,Short
260900,Drama
260909,Drama
260940,Drama
261274,Crime
261274,Short
261339,Drama
261418,Documentary
261530,Comedy
261530,Drama
261617,Comedy
261617,Western
261695,Documentary
261695,Short
261945,Short
261993,Documentary
261993,Short
261998,Drama
261998,Thriller
262072,Thriller
262219,Drama
262479,Horror
262704,Drama
263173,Mystery
263266,Adventure
263266,Drama
263720,Comedy
263740,Crime
263740,Drama
263740,Mystery
263740,Thriller
263965,Adventure
264064,Drama
264936,Comedy
264936,Drama
265279,Drama
265632,Crime
265678,Drama
265678,Horror
265678,Mystery
265678,Romance
266136,Drama
266623,Horror
266623,Thriller
267025,Drama
267383,Short
267484,Drama
267530,Comedy
267530,Family
267530,Musical
268549,Documentary
268549,Short
269200,Comedy
269340,Adventure
269340,Sci-Fi
269532,Crime
269666,Romance
269717,Drama
269729,Comedy
269729,Short
269979,Drama
270221,Drama
270221,Romance
270440,Action
270440,Drama
270440,Horror
270443,Drama
270676,Drama
270676,War
270724,Comedy
270724,Thriller
271280,Documentary
271355,Action
271361,Comedy
271903,Action
271903,Drama
272195,Comedy
272534,Drama
272616,Crime
272619,Horror
272619,Short
272877,Horror
272877,Short
272956,Western
273483,Comedy
273575,Music
273759,Drama
273919,Documentary
273919,Short
274000,Action
274000,Drama
274000,War
274296,Horror
274296,Thriller
274373,Thriller
274450,Drama
274570,Comedy
274777,Drama
274846,Drama
274871,Documentary
274871,Music
275271,Drama
275291,Comedy
275351,Drama
275656,Comedy
275673,Romance
275673,Thriller
275846,Comedy
275934,Short
275939,Short
276407,Short
276433,Short
276433,Western
276545,Drama
276724,Drama
276761,Mystery
276838,Drama
276890,Adventure
276890,Drama
276890,Western
276938,Drama
276971,Crime
276971,Drama
277029,Short
277297,Crime
277297,Drama
277401,Comedy
277401,Fantasy
277515,Musical
277949,Action
277949,Crime
277949,Thriller
277964,Western
278004,Western
278135,Short
278169,Comedy
278169,Drama
278310,Drama
278310,Music
278697,Comedy
278727,Drama
278893,Documentary
278917,Drama
278965,Drama
278965,Fantasy
278965,Music
278965,Romance
279255,Adventure
280158,Comedy
280158,Family
280158,Sci-Fi
280317,Romance
280363,Short
280363,Thriller
280716,Documentary
280716,Music
281067,Comedy
281067,Short
281180,Drama
281180,Romance
281220,Documentary
281220,Short
281448,Short
281473,Comedy
281473,Short
281790,Drama
282276,Drama
282276,Mystery
282668,Comedy
282668,Drama
283061,Drama
283175,Short
284900,Drama
284900,Short
285213,Drama
285386,Documentary
285386,Fantasy
285597,Drama
285696,Drama
285713,Drama
285713,Mystery
285768,Documentary
285768,Short
285844,Drama
285844,War
285900,Drama
285900,Musical
286106,Animation
286106,Comedy
286106,Short
286654,Short
286708,Comedy
286708,Short
286978,Horror
286978,Thriller
287133,Drama
287133,Romance
287445,Western
287494,Drama
287515,Comedy
287515,Drama
287815,Western
288180,Drama
288245,Drama
288245,Family
288252,Drama
288679,Comedy
288679,Family
288679,Short
288778,Drama
288778,Family
288827,Romance
289221,Documentary
289221,Music
289266,Comedy
289266,Romance
289332,Comedy
289524,Animation
289524,Family
289524,Fantasy
289556,Crime
289556,Drama
289671,Comedy
289671,Horror
289870,Comedy
290029,Drama
290313,Animation
290313,Short
290325,Documentary
290325,Short
290350,Music
290350,Short
290524,Comedy
290524,Drama
290984,Documentary
291252,Comedy
291252,Family
291252,Fantasy
291252,Horror
291471,Comedy
292189,Drama
292306,Thriller
292310,Action
292310,Adventure
292442,Adventure
292442,Romance
292442,Thriller
292531,Animation
292531,Drama
292531,Family
292724,Drama
292761,Drama
292761,Family
292761,Short
292820,Drama
293090,Short
293116,Documentary
293362,Drama
293362,Horror
293362,Romance
293475,Horror
293475,Romance
293624,Comedy
293624,Family
293624,Fantasy
293629,Drama
293757,Animation
293757,Comedy
293757,Short
294479,Drama
294479,Musical
294587,Drama
294587,Thriller
294800,Documentary
295040,Drama
295087,Short
295180,Comedy
295210,Drama
295210,Thriller
295505,Comedy
295505,Romance
295835,Comedy
295835,Romance
296491,Comedy
296491,Short
296510,Action
296510,Adventure
296510,Comedy
296573,Thriller
296768,Drama
296768,Thriller
296859,Western
296893,Short
296893,Western
297093,Comedy
297093,Horror
297093,Thriller
297301,Drama
297392,Animation
297392,Comedy
297392,Family
297392,Short
297710,Action
297710,War
297763,Drama
298068,Adventure
298068,Romance
298121,Comedy
298121,Short
298202,Animation
298202,Comedy
298202,Family
298202,Short
298252,Drama
298252,Romance
298650,Drama
298650,War
298825,Crime
299014,Comedy
299014,Romance
299094,Drama
299208,War
299483,Horror
299531,Comedy
299614,Short
299747,Comedy
299925,Drama
300071,Short
300071,Western
300302,Drama
300302,Musical
300481,Drama
300565,Drama
300763,Comedy
300763,Short
300926,Horror
301092,Drama
301092,Fantasy
301092,Music
301175,Action
301175,Adventure
301175,Drama
301299,Short
301621,Drama
301906,Action
301906,Animation
301980,Drama
302003,Western
302114,Drama
302301,Drama
302709,Western
302882,Action
302882,Horror
302882,Sci-Fi
302898,Action
302898,Drama
302965,Family
303473,Western
303571,Short
303582,Drama
303582,Mystery
303582,Romance
303872,Crime
304029,Comedy
304045,Documentary
304080,Comedy
304080,Family
304080,Romance
304172,Short
304185,Drama
304185,Romance
304225,Comedy
304225,Music
304225,Sci-Fi
304300,Mystery
304543,Short
304801,Western
304875,Short
304875,Thriller
305074,Drama
305074,Romance
305176,Musical
305176,Short
305609,Comedy
305609,Musical
305609,Romance
305631,Comedy
305631,Short
305964,Comedy
305964,Short
306001,Drama
306001,Horror
306001,Thriller
306212,Animation
306212,Comedy
306212,Family
306212,Short
306312,Comedy
306324,Drama
306402,Animation
306402,Short
306490,Musical
306851,Drama
306862,Western
307162,Drama
307425,Comedy
307425,Musical
307472,Drama
307540,Action
307732,Drama
307732,Fantasy
307732,Romance
307805,Action
307805,Drama
307987,Comedy
308011,Comedy
308011,Romance
308157,Drama
308292,Drama
308440,Drama
308603,Drama
308603,Short
308643,Musical
308898,Western
308955,Thriller
308999,Short
309141,Drama
309141,Music
309286,Drama
309286,Film-Noir
309286,Thriller
309476,Drama
309526,Drama
309570,Comedy
309570,Short
309574,Short
309829,Drama
309829,Western
310027,Comedy
310027,Drama
310083,Short
310262,Comedy
310262,Romance
310697,Short
311080,Drama
311080,Short
311500,Sci-Fi
311888,Drama
311888,Thriller
312116,Crime
312124,Drama
312124,Fantasy
312415,Comedy
312415,Sci-Fi
312422,Short
312521,Drama
312521,Thriller
312600,Drama
312646,Crime
312646,Drama
313179,Drama
313432,Action
313432,Sci-Fi
313865,Documentary
314434,Thriller
314519,Drama
314519,Short
314519,Thriller
314685,Horror
314697,Comedy
314884,Drama
314884,Horror
314940,Documentary
314940,Music
315162,Romance
315170,Drama
315170,Short
315175,Comedy
315226,Crime
315226,Drama
315226,Mystery
315351,Short
315386,Documentary
315480,Comedy
315648,Documentary
315682,Drama
315682,Musical
316009,Documentary
316009,Short
316047,Horror
316123,Drama
316123,Film-Noir
316252,Documentary
316252,Short
316619,Action
316619,Animation
316879,Comedy
316898,Comedy
316909,Drama
316909,Romance
317309,Comedy
317718,Comedy
318172,Drama
318371,Documentary
318592,Comedy
318810,Drama
318810,Romance
318890,Thriller
319142,Comedy
319142,Drama
319502,Drama
319502,Sci-Fi
319747,Short
319771,Drama
319771,Short
319921,Adventure
320165,Romance
320165,Thriller
320534,Drama
320556,Short
321971,Drama
321971,Romance
322016,Animation
322077,Short
322486,Drama
322488,Comedy
322498,Documentary
323123,Drama
323134,Action
323134,Animation
323134,Comedy
323134,Short
323562,Comedy
323562,Short
323825,Drama
323839,Animation
323839,Short
323964,Fantasy
323964,Short
324040,Adventure
324040,Family
324040,Fantasy
324040,Western
324385,Thriller
324537,Drama
324605,Drama
324609,Romance
325143,Action
325143,Adventure
325329,Comedy
325395,Crime
325395,Drama
325397,Crime
325456,Crime
325456,Drama
325695,Crime
325888,Crime
325943,Crime
325943,Drama
325995,Comedy
325995,Drama
325995,Romance
326224,Comedy
326224,Romance
326356,Short
326525,Comedy
326525,Drama
326525,Mystery
326872,Action
327016,Drama
327016,Fantasy
327369,Drama
327719,Crime
328559,Action
328559,Thriller
328685,Comedy
328748,Action
328878,Short
328929,Comedy
329517,Comedy
329517,Romance
329517,Short
329636,Drama
329974,Comedy
329974,Western
330001,Comedy
330001,Mystery
330236,Drama
330241,Drama
330241,Mystery
330264,Short
330314,Mystery
330405,Horror
330405,Thriller
330514,Comedy
330777,Short
330951,Crime
330951,Drama
331117,Drama
331328,Musical
331328,Short
331374,Musical
331769,Drama
331935,Comedy
332081,Western
332096,Action
332133,Comedy
332133,Family
332281,Comedy
332633,Comedy
332696,Western
332803,Mystery
332935,Adventure
332935,Comedy
332935,Crime
332935,Mystery
332971,Action
333057,Drama
333057,Short
333057,Western
333148,Animation
333148,Comedy
333148,Family
333148,Short
333194,Fantasy
333194,Sci-Fi
333245,Comedy
333251,Documentary
333317,Comedy
333324,Short
333493,Drama
334102,Comedy
334102,Drama
334102,War
334153,Drama
334153,Romance
334208,Short
334208,Thriller
334378,Drama
334504,Short
334621,Drama
334621,Horror
334651,Drama
334651,Western
335287,Comedy
335316,Drama
335320,Mystery
335729,Comedy
336070,Short
336267,Action
336267,Comedy
336267,Thriller
336652,Comedy
336716,Comedy
336767,Animation
336767,Comedy
336767,Family
336767,Short
337189,Musical
337189,Short
337328,Drama
337328,Musical
337328,Western
337468,Mystery
337607,Western
337664,Western
337920,Comedy
337920,Short
338023,Drama
338262,Comedy
338262,Drama
338262,Family
338262,Musical
338271,Action
338271,Drama
338344,Drama
338422,Drama
338736,Drama
338736,Short
338792,Family
338982,Documentary
339040,Short
339593,Comedy
339593,Short
339616,Animation
339616,Comedy
339616,Family
339616,Short
339853,Animation
339853,Comedy
339853,Short
339999,Action
339999,Drama
339999,Family
340177,Adventure
340177,Romance
340530,Action
340530,Crime
340530,Drama
340532,Comedy
340532,Short
340810,Short
340824,Action
340824,Crime
340824,Drama
340824,Romance
340824,Thriller
341283,Drama
341426,Comedy
341426,Short
341973,Action
341973,Mystery
342014,Comedy
342014,Short
342121,Horror
342147,Comedy
342147,Drama
342147,Romance
342544,Drama
343785,Drama
343936,Documentary
343936,Music
344039,Comedy
344039,Drama
344039,Fantasy
344047,Action
344047,Drama
344269,Action
344269,Adventure
344269,Drama
344269,Romance
344547,Crime
344547,Drama
344547,Thriller
344762,Drama
344945,Animation
344945,Drama
344945,Romance
345026,Comedy
345026,Drama
345096,Comedy
345096,Short
345347,Sci-Fi
345496,Documentary
345532,Documentary
345678,Drama
345678,Romance
345852,Action
345852,Drama
346200,Adventure
346200,Comedy
346266,Documentary
346661,Drama
346840,Comedy
347083,Comedy
347309,Drama
347309,Short
347341,Mystery
347562,Comedy
347562,Documentary
347562,Short
347675,Sci-Fi
347791,Music
347850,Drama
347850,Romance
348023,Drama
348023,Romance
348671,Comedy
348671,Short
349141,Comedy
349360,War
350181,Horror
350203,Fantasy
350203,Horror
350295,Crime
350295,Drama
350575,Drama
351056,Short
351402,Drama
351476,Drama
351527,Western
351632,Action
351632,Adventure
351632,Western
351712,Comedy
351712,Thriller
351877,Action
351877,Adventure
352070,Crime
352420,Drama
352466,Family
352610,Drama
352872,Comedy
353030,Short
353195,Action
353195,Drama
353195,Thriller
353240,Action
353348,Drama
353516,Drama
353516,War
354074,Adventure
354074,Family
354183,Short
354212,Adventure
354272,Family
354442,Crime
354487,Adventure
354539,Documentary
354661,Drama
354886,Comedy
355221,Drama
355221,Romance
355337,Drama
355337,Short
355368,Documentary
355722,Drama
355745,Drama
355745,Romance
355810,Musical
355810,Romance
356449,Short
356610,Drama
356853,Comedy
357034,Drama
357445,War
357505,Documentary
357505,Musical
357543,Comedy
357543,Musical
357549,Animation
357734,Comedy
357734,Drama
357788,Comedy
358230,Drama
358354,Drama
358354,Short
358484,Comedy
358484,Romance
358688,Drama
358688,Fantasy
358688,Music
358875,Musical
359153,Drama
359153,Family
359201,Drama
359211,Documentary
359211,Short
359482,Drama
359482,Sci-Fi
359588,Drama
359588,Romance
359588,War
359887,Comedy
359887,Short
359933,Short
360027,Comedy
360166,Drama
360166,Romance
360506,Drama
360582,Comedy
360821,Short
360909,Drama
361226,Drama
361304,Drama
361638,Drama
361772,Western
361783,Short
361783,Western
362112,Comedy
362112,Romance
362118,Comedy
362118,Short
362128,Drama
362128,Short
362314,Drama
362380,Comedy
362380,Romance
362441,Short
362521,Animation
362521,Short
362739,Drama
362752,Comedy
362752,Musical
362752,Short
362875,Comedy
362875,Short
363151,Comedy
363151,Short
363154,Short
363249,Musical
363441,Adventure
363441,Comedy
363673,Comedy
363673,Drama
364093,Documentary
364093,Short
364141,Animation
364141,Short
364834,Comedy
364834,Romance
364913,Short
364933,Comedy
364933,Family
365096,Comedy
365096,Short
365220,Thriller
365220,Western
365459,Adventure
365459,Animation
365459,Comedy
365560,Comedy
366040,Documentary
366040,Short
366566,Comedy
366566,Romance
366595,Drama
366595,Mystery
366595,Thriller
366868,Comedy
366868,Drama
366882,Drama
366882,Short
366882,Western
367040,Comedy
367094,Animation
367094,Fantasy
367094,Sci-Fi
367094,War
367441,Drama
367505,Drama
367512,Comedy
367512,Romance
367533,Drama
367681,Drama
367681,Mystery
368202,Comedy
368202,Short
368486,Documentary
368642,Animation
368642,Comedy
368642,Family
368642,Short
368778,Drama
368778,Short
368778,Thriller
369151,Drama
369206,Action
369230,Action
369255,Action
369325,Comedy
369325,Documentary
369325,Short
369376,Documentary
369522,Fantasy
369522,Short
369870,Family
370013,Comedy
370075,Drama
370117,Action
370117,Thriller
370399,Documentary
370417,Crime
370567,Drama
370567,Romance
370615,Drama
370615,War
370636,Crime
370636,Drama
370742,Drama
371133,Action
371321,Animation
371321,Short
371581,Action
371633,Action
371633,Crime
371633,Drama
371633,Thriller
371833,Documentary
371833,Short
372312,Animation
372312,Comedy
372312,Family
372312,Musical
372312,Short
372433,Drama
372509,Comedy
372509,Family
372509,Music
372843,Drama
373515,Comedy
373711,Action
373798,Romance
374173,Romance
374353,Comedy
374467,Drama
374467,Family
375339,Short
375758,Short
376122,Drama
376214,Action
376214,Adventure
376214,Drama
376214,War
376810,Comedy
376936,Short
377118,Drama
377277,Drama
377277,Romance
377616,Mystery
377894,Comedy
377899,Short
377904,Drama
378122,Drama
378432,Crime
378466,Comedy
378559,Comedy
